{"8c03f998ef5d41dba07ede7703b106ab.SC2Replay": "/2016_IEM_10_Taipei/IEM 10 Taipei Replaypack/1. Quarter Finals/1. Lilbow vs ByuN/Map 1/Dusk Towers.SC2Replay", "e1a49b8b7fc84d26ab0870b3ac4dd0f7.SC2Replay": "/2016_IEM_10_Taipei/IEM 10 Taipei Replaypack/1. Quarter Finals/1. Lilbow vs ByuN/Map 2/Lerilak Crest.SC2Replay", "e96e67883dbb4eb99d1d804bcaf275dd.SC2Replay": "/2016_IEM_10_Taipei/IEM 10 Taipei Replaypack/1. Quarter Finals/1. Lilbow vs ByuN/Map 3/Orbital Shipyard.SC2Replay", "3a3886f8168740d691bdc3e35f23687e.SC2Replay": "/2016_IEM_10_Taipei/IEM 10 Taipei Replaypack/1. Quarter Finals/2. Polt vs Soulkey/Map 1/Dusk Towers (2).SC2Replay", "8b88ec1ccc6b48deb46d23cd2f579210.SC2Replay": "/2016_IEM_10_Taipei/IEM 10 Taipei Replaypack/1. Quarter Finals/2. Polt vs Soulkey/Map 2/Prion Terraces.SC2Replay", "da0f5eda2ddb4b3ab66e3a3a403b7f49.SC2Replay": "/2016_IEM_10_Taipei/IEM 10 Taipei Replaypack/1. Quarter Finals/2. Polt vs Soulkey/Map 3/Ulrena.SC2Replay", "afc231796fd74cd0a54c5daca24cc64d.SC2Replay": "/2016_IEM_10_Taipei/IEM 10 Taipei Replaypack/1. Quarter Finals/2. Polt vs Soulkey/Map 4/Central Protocol.SC2Replay", "759bd4fa8280408abbb0393b3fd52e0b.SC2Replay": "/2016_IEM_10_Taipei/IEM 10 Taipei Replaypack/1. Quarter Finals/2. Polt vs Soulkey/Map 5/Ruins of Seras.SC2Replay", "9330ca893f4c4d32a4e386d1499bf54d.SC2Replay": "/2016_IEM_10_Taipei/IEM 10 Taipei Replaypack/1. Quarter Finals/3. sOs vs MC/Map 1/Dusk Towers (3).SC2Replay", "fd73320bf8184321bfb877ffc4787bc9.SC2Replay": "/2016_IEM_10_Taipei/IEM 10 Taipei Replaypack/1. Quarter Finals/3. sOs vs MC/Map 2/Ruins of Seras (2).SC2Replay", "6915ce91e70a43bb8ff183784f36b4b3.SC2Replay": "/2016_IEM_10_Taipei/IEM 10 Taipei Replaypack/1. Quarter Finals/3. sOs vs MC/Map 3/Orbital Shipyard (2).SC2Replay", "9959a628e9bb464fb0267fa220a04acf.SC2Replay": "/2016_IEM_10_Taipei/IEM 10 Taipei Replaypack/1. Quarter Finals/4. herO vs Snute/Map 1/Dusk Towers (4).SC2Replay", "656537451e3347c39ddeb3259fa8a81d.SC2Replay": "/2016_IEM_10_Taipei/IEM 10 Taipei Replaypack/1. Quarter Finals/4. herO vs Snute/Map 2/Lerilak Crest (2).SC2Replay", "f5fd4eafd4e941f3b352db8a6edc3d9d.SC2Replay": "/2016_IEM_10_Taipei/IEM 10 Taipei Replaypack/1. Quarter Finals/4. herO vs Snute/Map 3/Ruins of Seras (3).SC2Replay", "7b89e686657b4849ba7fb1265e63d708.SC2Replay": "/2016_IEM_10_Taipei/IEM 10 Taipei Replaypack/1. Quarter Finals/4. herO vs Snute/Map 4/Central Protocol (2).SC2Replay", "025c28d1745341589405b6e7f1ffd6c9.SC2Replay": "/2016_IEM_10_Taipei/IEM 10 Taipei Replaypack/2. Semi Finals/1. Soulkey vs ByuN/Map 1/Ruins of Seras.SC2Replay", "f9f82ac0d5204230849176c14bb2f625.SC2Replay": "/2016_IEM_10_Taipei/IEM 10 Taipei Replaypack/2. Semi Finals/1. Soulkey vs ByuN/Map 2/Dusk Towers.SC2Replay", "0dffaad1493241d3a281cbd1085c3bb6.SC2Replay": "/2016_IEM_10_Taipei/IEM 10 Taipei Replaypack/2. Semi Finals/1. Soulkey vs ByuN/Map 3/Lerilak Crest (3).SC2Replay", "09db9834b3794d01813271a3d3361822.SC2Replay": "/2016_IEM_10_Taipei/IEM 10 Taipei Replaypack/2. Semi Finals/1. Soulkey vs ByuN/Map 4/Ulrena (2).SC2Replay", "6b03a1273df74592b75812a99deed835.SC2Replay": "/2016_IEM_10_Taipei/IEM 10 Taipei Replaypack/2. Semi Finals/2. sOs vs herO/Map 1/Orbital Shipyard (4).SC2Replay", "3fa72edfe68a4fbaba5afb2d5c89299a.SC2Replay": "/2016_IEM_10_Taipei/IEM 10 Taipei Replaypack/2. Semi Finals/2. sOs vs herO/Map 2/Prion Terraces.SC2Replay", "ef23122a80ab404aa2ef9104e7f054ab.SC2Replay": "/2016_IEM_10_Taipei/IEM 10 Taipei Replaypack/2. Semi Finals/2. sOs vs herO/Map 3/Dusk Towers (2).SC2Replay", "283681b1157c49ed85589714864e6033.SC2Replay": "/2016_IEM_10_Taipei/IEM 10 Taipei Replaypack/2. Semi Finals/2. sOs vs herO/Map 4/Ruins of Seras (5).SC2Replay", "71c1d12498844572a4c8881debd1cadc.SC2Replay": "/2016_IEM_10_Taipei/IEM 10 Taipei Replaypack/2. Semi Finals/2. sOs vs herO/Map 5/Lerilak Crest (4).SC2Replay", "de3d443c853e4e899cd01d289b53291c.SC2Replay": "/2016_IEM_10_Taipei/IEM 10 Taipei Replaypack/3. Final/Map 1/Ruins of Seras (6).SC2Replay", "699cd99ed86745fdbd4b73e3718387b6.SC2Replay": "/2016_IEM_10_Taipei/IEM 10 Taipei Replaypack/3. Final/Map 2/Dusk Towers (6).SC2Replay", "6bd208759843465c94b0e15085bdc509.SC2Replay": "/2016_IEM_10_Taipei/IEM 10 Taipei Replaypack/3. Final/Map 3/Prion Terraces (3).SC2Replay", "fd6a07784fd942a386bc740c2e9ceb0b.SC2Replay": "/2016_IEM_10_Taipei/IEM 10 Taipei Replaypack/3. Final/Map 4/Orbital Shipyard.SC2Replay", "4679964ba28f4fa2804ac109c422011e.SC2Replay": "/2016_IEM_10_Taipei/IEM 10 Taipei Replaypack/3. Final/Map 5/Lerilak Crest (5).SC2Replay", "2ba02042d4ab48098294e986c3365252.SC2Replay": "/2016_IEM_10_Taipei/IEM 10 Taipei Replaypack/3. Final/Map 6/Central Protocol.SC2Replay"}