,Unnamed: 0.1,Unnamed: 0,player,total_workers,resource_mining,total_army_value,total_army,time,fraction,winner,replay_filename
0,0,0,soul,57,23323,3450,38,676,0,0,replays/4thRun\0085e5bcbcdd41d7809f7429a46d8bbf.SC2Replay
1,1,1,MaNa,67,21684,2800,12,653,0,1,replays/4thRun\0085e5bcbcdd41d7809f7429a46d8bbf.SC2Replay
2,2,2,Scarlett,14,3180,500,14,180,0,1,replays/4thRun\0097cad75a0e404a936cf28ae3ef67d1.SC2Replay
3,3,3,Serral,17,2711,400,10,197,0,0,replays/4thRun\0097cad75a0e404a936cf28ae3ef67d1.SC2Replay
4,4,4,GogojOey,49,15634,4300,33,524,0,1,replays/4thRun\0120e4e04bba43a78e3a060a3245b3c8.SC2Replay
5,5,5,Stephano,42,11287,2750,24,519,0,0,replays/4thRun\0120e4e04bba43a78e3a060a3245b3c8.SC2Replay
6,6,6,HellraiseR,70,36957,1700,7,837,0,0,replays/4thRun\0151e5d7a7b14a7997878c040e0ebea2.SC2Replay
7,7,7,DeMusliM,65,33096,6025,52,767,0,1,replays/4thRun\0151e5d7a7b14a7997878c040e0ebea2.SC2Replay
8,8,8,MaSa,23,3472,200,2,222,0,0,replays/4thRun\0218e457157e4bb9bc6bb832c8de9ef2.SC2Replay
9,9,9,uThermal,21,2212,400,4,241,0,1,replays/4thRun\0218e457157e4bb9bc6bb832c8de9ef2.SC2Replay
10,10,10,Lambo,85,28586,7700,68,801,0,1,replays/4thRun\0245b79d7de342959c4362fa46d86f77.SC2Replay
11,11,11,LiquidMaNa,69,41849,1675,6,763,0,0,replays/4thRun\0245b79d7de342959c4362fa46d86f77.SC2Replay
12,12,12,TYTY,47,13202,1975,23,503,0,1,replays/4thRun\0278ef31567745f4beb4e2d114804c25.SC2Replay
13,13,13,Stats,47,14489,1150,6,493,0,0,replays/4thRun\0278ef31567745f4beb4e2d114804c25.SC2Replay
14,14,14,daydrA,42,10849,3225,39,502,0,1,replays/4thRun\0334b98dfb7747fc9a4e56c9ccd17151.SC2Replay
15,15,15,NonY,46,13197,1200,5,473,0,0,replays/4thRun\0334b98dfb7747fc9a4e56c9ccd17151.SC2Replay
16,16,16,Kelazhur,67,24909,3025,37,689,0,1,replays/4thRun\0338d9d809f54e4897d54dc87bd5797d.SC2Replay
17,17,17,ShoWTimE,65,19559,925,5,607,0,0,replays/4thRun\0338d9d809f54e4897d54dc87bd5797d.SC2Replay
18,18,18,Sioras,60,16506,2950,44,534,0,0,replays/4thRun\0341c5fc2e7346709efc542d053b7c8c.SC2Replay
19,19,19,Has,50,18830,875,4,514,0,1,replays/4thRun\0341c5fc2e7346709efc542d053b7c8c.SC2Replay
20,20,20,Rex,48,7777,2500,43,455,0,0,replays/4thRun\0367a397239f4a5fbcfb66f1c87a29af.SC2Replay
21,21,21,Nice,37,16675,925,6,505,0,1,replays/4thRun\0367a397239f4a5fbcfb66f1c87a29af.SC2Replay
22,22,22,Rose,21,3934,750,12,258,0,0,replays/4thRun\0514bb4944404beca288269369a662fb.SC2Replay
23,23,23,Rex,15,3491,1025,22,277,0,1,replays/4thRun\0514bb4944404beca288269369a662fb.SC2Replay
24,24,24,Harstem,57,22888,3075,11,704,0,0,replays/4thRun\0515a83fe2e542c4b5536d2bd6112d83.SC2Replay
25,25,25,GOStephano,40,20023,4275,66,736,0,1,replays/4thRun\0515a83fe2e542c4b5536d2bd6112d83.SC2Replay
26,26,26,uThermal,65,15444,3400,45,684,0,0,replays/4thRun\0516ae3c934841b8b61cc09d3fd6b472.SC2Replay
27,27,27,Neeb,69,58552,1775,7,907,0,1,replays/4thRun\0516ae3c934841b8b61cc09d3fd6b472.SC2Replay
28,28,28,ShaDoWn,43,8337,475,4,389,0,0,replays/4thRun\0543e3b74b064e7c9d2b5134e3b0604f.SC2Replay
29,29,29,Solar,40,7170,1350,21,381,0,1,replays/4thRun\0543e3b74b064e7c9d2b5134e3b0604f.SC2Replay
30,30,30,Patience,65,21025,2150,9,646,0,0,replays/4thRun\0619e8bd02b549909b473d8f00010e2b.SC2Replay
31,31,31,Zanster,68,16151,6500,66,639,0,1,replays/4thRun\0619e8bd02b549909b473d8f00010e2b.SC2Replay
32,32,32,Zanster,51,11554,2775,40,481,0,1,replays/4thRun\0652c6fe67864913a0c93b165fe19737.SC2Replay
33,33,33,Cham,40,11685,2850,27,494,0,0,replays/4thRun\0652c6fe67864913a0c93b165fe19737.SC2Replay
34,34,34,SLeet,53,8853,1625,17,424,0,1,replays/4thRun\073bb50542e843848f2abf0645fa50c8.SC2Replay
35,35,35,mLty,35,11883,1350,20,423,0,0,replays/4thRun\073bb50542e843848f2abf0645fa50c8.SC2Replay
36,36,36,msrm,23,6149,450,4,252,0,0,replays/4thRun\075ee1b972694981b809cea4cb7bfb26.SC2Replay
37,37,37,MaSa,24,3204,400,4,247,0,1,replays/4thRun\075ee1b972694981b809cea4cb7bfb26.SC2Replay
38,38,38,DnS,48,21570,2400,8,703,0,0,replays/4thRun\0776d572636c4ebba384e6cbdd4868d5.SC2Replay
39,39,39,Clem,45,15788,3050,34,744,0,1,replays/4thRun\0776d572636c4ebba384e6cbdd4868d5.SC2Replay
40,40,40,RiSky,25,7124,575,9,357,0,0,replays/4thRun\091fbec2320d40a8b1a24ba65dc0940b.SC2Replay
41,41,41,Dark,42,4824,1325,15,356,0,1,replays/4thRun\091fbec2320d40a8b1a24ba65dc0940b.SC2Replay
42,42,42,Revolution,26,6509,1425,32,336,0,0,replays/4thRun\101eb3b3bec74f8c9540eed6144b7d7c.SC2Replay
43,43,43,Zanster,39,9148,1525,33,392,0,1,replays/4thRun\101eb3b3bec74f8c9540eed6144b7d7c.SC2Replay
44,44,44,HeroMarine,74,38039,8150,89,875,0,1,replays/4thRun\102db4526dfa48919bf0c18b330f3d53.SC2Replay
45,45,45,Reynor,82,50286,10575,181,880,0,0,replays/4thRun\102db4526dfa48919bf0c18b330f3d53.SC2Replay
46,46,46,Dana,31,10318,3700,55,573,0,0,replays/4thRun\102df2bd4ad44b8aa001bd32ac00f41d.SC2Replay
47,47,47,Elroye,39,23052,3000,29,612,0,1,replays/4thRun\102df2bd4ad44b8aa001bd32ac00f41d.SC2Replay
48,48,48,BackupC,71,53506,5500,33,934,0,0,replays/4thRun\106a727021834117ad12852dcacc7c84.SC2Replay
49,49,49,Mackintac,82,63548,8075,68,876,0,1,replays/4thRun\106a727021834117ad12852dcacc7c84.SC2Replay
50,50,50,PengWin,40,20426,2700,52,530,0,0,replays/4thRun\110cecf1ed2449adb45d5e857478575e.SC2Replay
51,51,51,Rhizer,48,12516,1250,6,530,0,1,replays/4thRun\110cecf1ed2449adb45d5e857478575e.SC2Replay
52,52,52,MaNa,23,5086,1050,6,311,0,0,replays/4thRun\110e90eb755749f481ddb25509e0f49e.SC2Replay
53,53,53,ShoWTimE,26,5588,950,6,303,0,1,replays/4thRun\110e90eb755749f481ddb25509e0f49e.SC2Replay
54,54,54,eGGz,33,7404,1250,17,357,0,0,replays/4thRun\112a001e0052438aa328ab762c25fe46.SC2Replay
55,55,55,Serral,40,6691,1400,19,366,0,1,replays/4thRun\112a001e0052438aa328ab762c25fe46.SC2Replay
56,56,56,puCK,22,3965,825,5,266,0,1,replays/4thRun\116b89d443834b4f9778f7cbc2d5ca74.SC2Replay
57,57,57,MaSa,24,3743,475,8,315,0,0,replays/4thRun\116b89d443834b4f9778f7cbc2d5ca74.SC2Replay
58,58,58,AdminA,44,18392,875,5,545,0,1,replays/4thRun\118d27ab67754348a294b2c57273e781.SC2Replay
59,59,59,ObiWanPwnobi,55,32211,4750,14,788,0,0,replays/4thRun\118d27ab67754348a294b2c57273e781.SC2Replay
60,60,60,Elazer,68,17735,5600,45,659,0,1,replays/4thRun\118e6b5c934d4098b8d6b19ebe5c1f24.SC2Replay
61,61,61,Serral,66,20723,6550,51,666,0,0,replays/4thRun\118e6b5c934d4098b8d6b19ebe5c1f24.SC2Replay
62,62,62,Kashim,16,13109,800,14,471,0,0,replays/4thRun\125d99ff837245a5bba6c78c057bbe1b.SC2Replay
63,63,63,Mamba,31,9884,1825,26,466,0,1,replays/4thRun\125d99ff837245a5bba6c78c057bbe1b.SC2Replay
64,64,64,uThermal,54,18659,1050,11,558,0,0,replays/4thRun\126af3eaf9694281a64707d7b6a1b0aa.SC2Replay
65,65,65,Nerchio,58,12417,3600,42,561,0,1,replays/4thRun\126af3eaf9694281a64707d7b6a1b0aa.SC2Replay
66,66,66,Wardí,71,45389,8175,105,966,0,1,replays/4thRun\126cd0f45e6d430e99f38b7a3c05bf0b.SC2Replay
67,67,67,Bly,65,56610,6600,84,1030,0,1,replays/4thRun\126cd0f45e6d430e99f38b7a3c05bf0b.SC2Replay
68,68,68,Narde,0,0,0,0,0,0,0,replays/4thRun\126cd0f45e6d430e99f38b7a3c05bf0b.SC2Replay
69,69,69,PtitDrogo,0,0,0,0,0,0,0,replays/4thRun\126cd0f45e6d430e99f38b7a3c05bf0b.SC2Replay
70,70,70,HeRoMaRinE,26,4861,550,4,273,0,0,replays/4thRun\128b856113da4cd6b630b94b6b0f01f5.SC2Replay
71,71,71,Kelazhur,27,4157,550,4,288,0,1,replays/4thRun\128b856113da4cd6b630b94b6b0f01f5.SC2Replay
72,72,72,HeroMarine,47,11649,1425,14,458,0,1,replays/4thRun\130be931f59b4b14ae736270a964e472.SC2Replay
73,73,73,soO,38,12761,4200,61,480,0,0,replays/4thRun\130be931f59b4b14ae736270a964e472.SC2Replay
74,74,74,Indy,51,13207,925,4,503,0,0,replays/4thRun\133fb3cfc9b74bc79b0ec612f27d93cf.SC2Replay
75,75,75,Namshar,58,11319,2700,41,504,0,1,replays/4thRun\133fb3cfc9b74bc79b0ec612f27d93cf.SC2Replay
76,76,76,INnoVation,67,16669,2425,29,638,0,1,replays/4thRun\137c803981b347a7919677664b67956d.SC2Replay
77,77,77,Stephano,65,37144,3375,72,645,0,0,replays/4thRun\137c803981b347a7919677664b67956d.SC2Replay
78,78,78,FeaR,33,16539,1450,9,494,0,1,replays/4thRun\139ae14c8be84dda98a45bd4ddeaa274.SC2Replay
79,79,79,HellraiseR,26,6941,1275,7,324,0,0,replays/4thRun\139ae14c8be84dda98a45bd4ddeaa274.SC2Replay
80,80,80,Optimus,55,16532,3775,45,714,0,1,replays/4thRun\152ac78b046b40ba9caadca69771ee6d.SC2Replay
81,81,81,Socke,50,31163,1800,6,721,0,0,replays/4thRun\152ac78b046b40ba9caadca69771ee6d.SC2Replay
82,82,82,THERIDDLER,68,29167,4800,53,805,0,1,replays/4thRun\154ca68db7324b18a9f0f72c17c5ffd7.SC2Replay
83,83,83,Raze,68,19317,825,3,648,0,0,replays/4thRun\154ca68db7324b18a9f0f72c17c5ffd7.SC2Replay
84,84,84,Scarlett,69,29143,8300,60,733,0,0,replays/4thRun\155a2033398b4ac0a5fb24c8c13f034c.SC2Replay
85,85,85,Maru,60,22710,3625,36,742,0,1,replays/4thRun\155a2033398b4ac0a5fb24c8c13f034c.SC2Replay
86,86,86,eGGz,40,11131,2025,32,438,0,0,replays/4thRun\156bb04738e34d39899906c2aa3bfbb5.SC2Replay
87,87,87,INnoVation,38,9096,1850,16,435,0,1,replays/4thRun\156bb04738e34d39899906c2aa3bfbb5.SC2Replay
88,88,88,iGMacSed,37,5024,500,3,324,0,0,replays/4thRun\157f22f666f64c48a3539fea164cb806.SC2Replay
89,89,89,iGRushcrazy,27,5397,1275,29,324,0,0,replays/4thRun\157f22f666f64c48a3539fea164cb806.SC2Replay
90,90,90,iGXiGua,0,0,0,0,0,0,0,replays/4thRun\157f22f666f64c48a3539fea164cb806.SC2Replay
91,91,91,iGJim,0,0,0,0,0,0,0,replays/4thRun\157f22f666f64c48a3539fea164cb806.SC2Replay
92,92,92,Lambo,26,6031,1725,37,337,0,1,replays/4thRun\159fd3cb19a6460aa2fa9a5c633b8b67.SC2Replay
93,93,93,Elroye,31,9019,1375,22,360,0,0,replays/4thRun\159fd3cb19a6460aa2fa9a5c633b8b67.SC2Replay
94,94,94,DnS,48,12458,600,5,461,0,0,replays/4thRun\172d42e467314b2ca326e2535e654d77.SC2Replay
95,95,95,liquidthermy,43,10531,1650,16,471,0,1,replays/4thRun\172d42e467314b2ca326e2535e654d77.SC2Replay
96,96,96,DnS,38,8727,1200,7,397,0,1,replays/4thRun\173d8deab4df48b78d78227dc3be8d49.SC2Replay
97,97,97,PiLiPiLi,23,7478,925,5,327,0,0,replays/4thRun\173d8deab4df48b78d78227dc3be8d49.SC2Replay
98,98,98,Patience,44,14151,450,3,528,0,1,replays/4thRun\177a27c651e347fc8b485187abb24032.SC2Replay
99,99,99,Guru,36,11263,2375,56,523,0,0,replays/4thRun\177a27c651e347fc8b485187abb24032.SC2Replay
100,100,100,Snute,71,71626,10925,126,940,0,0,replays/4thRun\177b41d079874acea978767388d02654.SC2Replay
101,101,101,HeRoMaRinE,69,42523,7000,82,941,0,1,replays/4thRun\177b41d079874acea978767388d02654.SC2Replay
102,102,102,TLO,71,21958,5275,81,794,0,0,replays/4thRun\179cc6cab44547deb9c42e9d7870b00f.SC2Replay
103,103,103,Neeb,68,36380,3400,12,850,0,1,replays/4thRun\179cc6cab44547deb9c42e9d7870b00f.SC2Replay
104,104,104,Serral,32,6025,1875,37,351,0,1,replays/4thRun\184b7baf0507415e951099ed4aa2c411.SC2Replay
105,105,105,Denver,38,5434,1375,20,352,0,0,replays/4thRun\184b7baf0507415e951099ed4aa2c411.SC2Replay
106,106,106,soul,62,18110,2150,24,685,0,1,replays/4thRun\192bdf96f40044bd9e0edbed5f751372.SC2Replay
107,107,107,LiquidTLO,68,19388,2600,44,691,0,0,replays/4thRun\192bdf96f40044bd9e0edbed5f751372.SC2Replay
108,108,108,TooDming,22,5568,950,25,291,0,0,replays/4thRun\197bf8251a5e4c9a9c11a98ff86bf80f.SC2Replay
109,109,109,ShoWTimE,34,4251,300,2,297,0,1,replays/4thRun\197bf8251a5e4c9a9c11a98ff86bf80f.SC2Replay
110,110,110,Light,21,3114,200,3,218,0,0,replays/4thRun\198ec8c1f4d04967b2df5fb7d3280036.SC2Replay
111,111,111,Kelazhur,21,2157,200,2,215,0,1,replays/4thRun\198ec8c1f4d04967b2df5fb7d3280036.SC2Replay
112,112,112,Harstem,34,7173,875,5,349,0,0,replays/4thRun\201b0f5a4c464c5ea6bcf3d360720237.SC2Replay
113,113,113,Zest,24,9994,1225,6,364,0,1,replays/4thRun\201b0f5a4c464c5ea6bcf3d360720237.SC2Replay
114,114,114,JackO,57,32346,1100,3,681,0,1,replays/4thRun\205c52851aae4707b2a2746422c1e18f.SC2Replay
115,115,115,Future,47,14059,2725,32,605,0,0,replays/4thRun\205c52851aae4707b2a2746422c1e18f.SC2Replay
116,116,116,Scarlett,80,27924,4800,58,693,0,0,replays/4thRun\206b8978af4c47f58a408f3e47a0ec20.SC2Replay
117,117,117,Maru,68,28419,2500,32,695,0,1,replays/4thRun\206b8978af4c47f58a408f3e47a0ec20.SC2Replay
118,118,118,Demi,33,5307,1225,19,335,0,0,replays/4thRun\208efe1979f141b2bea48d07c84b9526.SC2Replay
119,119,119,Crimson,27,4846,1700,34,336,0,1,replays/4thRun\208efe1979f141b2bea48d07c84b9526.SC2Replay
120,120,120,Scarlett,101,57759,10550,67,1021,0,1,replays/4thRun\210c5b879deb4267bbc548391659b930.SC2Replay
121,121,121,Neeb,81,69215,11190,89,1053,0,0,replays/4thRun\210c5b879deb4267bbc548391659b930.SC2Replay
122,122,122,TIME,36,9879,1525,13,411,0,1,replays/4thRun\217a31e80e6748b88b6190503a839c0f.SC2Replay
123,123,123,HeroMarine,38,7291,1050,8,408,0,0,replays/4thRun\217a31e80e6748b88b6190503a839c0f.SC2Replay
124,124,124,PtitDrogo,61,19812,1225,5,547,0,1,replays/4thRun\221a4fca79554792975acf30b33fad73.SC2Replay
125,125,125,Ethereal,45,12011,2375,46,477,0,0,replays/4thRun\221a4fca79554792975acf30b33fad73.SC2Replay
126,126,126,LiquidTLO,71,50163,7450,125,916,0,0,replays/4thRun\222f87c9ee744ad2ac76a0d80f29a616.SC2Replay
127,127,127,Bunny,69,51520,6875,82,919,0,1,replays/4thRun\222f87c9ee744ad2ac76a0d80f29a616.SC2Replay
128,128,128,OGZest,58,18878,1300,6,558,0,1,replays/4thRun\223fa7c1c7dc472b8dcdcad9e7e4726b.SC2Replay
129,129,129,Lambo,60,13897,3300,28,568,0,0,replays/4thRun\223fa7c1c7dc472b8dcdcad9e7e4726b.SC2Replay
130,130,130,INnoVation,72,17868,5000,39,714,0,1,replays/4thRun\228f28f78e854eff959918f046dfb31e.SC2Replay
131,131,131,Ryung,52,26446,4175,49,726,0,0,replays/4thRun\228f28f78e854eff959918f046dfb31e.SC2Replay
132,132,132,Serral,27,5221,1750,33,343,0,1,replays/4thRun\229cf77f118b4a79b7bb5bfa0c4ac54d.SC2Replay
133,133,133,SouLeer,29,5943,1350,26,354,0,0,replays/4thRun\229cf77f118b4a79b7bb5bfa0c4ac54d.SC2Replay
134,134,134,ArT,45,15184,800,5,473,0,0,replays/4thRun\232e292b15cb40b3bb4dad419b4c7b6f.SC2Replay
135,135,135,Namshar,63,11913,5275,43,541,0,1,replays/4thRun\232e292b15cb40b3bb4dad419b4c7b6f.SC2Replay
136,136,136,PartinG,50,11741,550,3,530,0,1,replays/4thRun\233bcec309424662b601029e94dfc02f.SC2Replay
137,137,137,FanTaSy,41,14379,1475,10,534,0,0,replays/4thRun\233bcec309424662b601029e94dfc02f.SC2Replay
138,138,138,Seither,52,25513,3800,36,842,0,0,replays/4thRun\237a26c3b16a4df693fb528ae0dee899.SC2Replay
139,139,139,PiLiPiLi,61,27950,2125,10,791,0,1,replays/4thRun\237a26c3b16a4df693fb528ae0dee899.SC2Replay
140,140,140,SortOf,58,15631,3850,31,591,0,1,replays/4thRun\237b4b9e6b934b8f88bcbf1b35296f77.SC2Replay
141,141,141,Elazer,58,14478,4050,37,578,0,0,replays/4thRun\237b4b9e6b934b8f88bcbf1b35296f77.SC2Replay
142,142,142,viOLet,30,6063,1050,12,276,0,1,replays/4thRun\239afd17f59c4a79a6c62e399da6148e.SC2Replay
143,143,143,CMStormPolt,26,5660,150,2,264,0,0,replays/4thRun\239afd17f59c4a79a6c62e399da6148e.SC2Replay
144,144,144,Harstem,49,15509,1575,6,540,0,0,replays/4thRun\240b5cdf7fb74c479b85f8ebded0a698.SC2Replay
145,145,145,MMA,50,18298,2625,31,571,0,1,replays/4thRun\240b5cdf7fb74c479b85f8ebded0a698.SC2Replay
146,146,146,lllIIIIllll,54,31721,1000,5,858,0,0,replays/4thRun\242c1faf03e242458e7f4eb5f7cd9b0d.SC2Replay
147,147,147,Harstem,53,25621,1600,6,867,0,1,replays/4thRun\242c1faf03e242458e7f4eb5f7cd9b0d.SC2Replay
148,148,148,Kelazhur,23,2392,500,5,243,0,1,replays/4thRun\251d0a3c68434dc88d39dc9b1efe2fa8.SC2Replay
149,149,149,Oobios,23,3669,700,9,234,0,0,replays/4thRun\251d0a3c68434dc88d39dc9b1efe2fa8.SC2Replay
150,150,150,MaNa,48,9086,1300,4,444,0,1,replays/4thRun\252b776c9984496682f637cd91d79861.SC2Replay
151,151,151,MightyKiwi,46,12702,1300,13,437,0,0,replays/4thRun\252b776c9984496682f637cd91d79861.SC2Replay
152,152,152,Impact,43,8764,1350,18,435,0,0,replays/4thRun\258c0251e1a046d7a320c3691ba1d683.SC2Replay
153,153,153,losira,43,10122,1800,31,496,0,1,replays/4thRun\258c0251e1a046d7a320c3691ba1d683.SC2Replay
154,154,154,Solar,75,27530,8650,113,782,0,1,replays/4thRun\266f9e28813a49878d47efb5b5da64d4.SC2Replay
155,155,155,Ryung,57,31515,4400,55,776,0,0,replays/4thRun\266f9e28813a49878d47efb5b5da64d4.SC2Replay
156,156,156,InZaNe,41,9173,1000,15,421,0,0,replays/4thRun\267c2349a7ac41fb94a884d2c61f51c3.SC2Replay
157,157,157,lllIIIIllll,49,13309,975,4,487,0,1,replays/4thRun\267c2349a7ac41fb94a884d2c61f51c3.SC2Replay
158,158,158,Sen,28,6012,1400,26,318,0,0,replays/4thRun\274a9adfe7844988911839c76e1cab1f.SC2Replay
159,159,159,Rex,27,6422,1650,33,337,0,1,replays/4thRun\274a9adfe7844988911839c76e1cab1f.SC2Replay
160,160,160,iGJim,50,7955,1800,9,481,0,0,replays/4thRun\274d5c5eebe5434691dc41b9f42cf390.SC2Replay
161,161,161,iGXY,44,12560,800,9,468,0,0,replays/4thRun\274d5c5eebe5434691dc41b9f42cf390.SC2Replay
162,162,162,三族统领随机娜,0,0,0,0,0,0,0,replays/4thRun\274d5c5eebe5434691dc41b9f42cf390.SC2Replay
163,163,163,iGRushcrazy,0,0,0,0,0,0,0,replays/4thRun\274d5c5eebe5434691dc41b9f42cf390.SC2Replay
164,164,164,Reynor,31,4674,1150,16,291,0,1,replays/4thRun\277ddfc366234309bc889d82d85fb76e.SC2Replay
165,165,165,Harstem,28,3802,425,3,275,0,0,replays/4thRun\277ddfc366234309bc889d82d85fb76e.SC2Replay
166,166,166,FeaR,43,9697,550,4,369,0,0,replays/4thRun\279e5d05b799444ea2b6949221df8dc3.SC2Replay
167,167,167,aLive,37,6538,1050,18,372,0,1,replays/4thRun\279e5d05b799444ea2b6949221df8dc3.SC2Replay
168,168,168,LiquidSnute,39,7769,1650,24,396,0,1,replays/4thRun\286cf5495a58423e806ec907f1a0e045.SC2Replay
169,169,169,InZaNe,32,8107,750,8,390,0,0,replays/4thRun\286cf5495a58423e806ec907f1a0e045.SC2Replay
170,170,170,eonblu,59,24130,6000,81,750,0,0,replays/4thRun\286fdb5537724806ab36854981fe0d19.SC2Replay
171,171,171,Namshar,62,25643,6550,54,761,0,1,replays/4thRun\286fdb5537724806ab36854981fe0d19.SC2Replay
172,172,172,Zest,37,6054,850,4,347,0,1,replays/4thRun\288b68e6fd3849c9801d62d851c8e4f7.SC2Replay
173,173,173,MMA,33,7088,850,9,342,0,0,replays/4thRun\288b68e6fd3849c9801d62d851c8e4f7.SC2Replay
174,174,174,HuK,24,5182,625,4,277,0,1,replays/4thRun\289a971a4df542b693d86f0e02df562a.SC2Replay
175,175,175,LiquidMaNa,28,4433,550,3,281,0,0,replays/4thRun\289a971a4df542b693d86f0e02df562a.SC2Replay
176,176,176,TLO,67,48327,5700,69,1002,0,1,replays/4thRun\291f37be4ff44910a90e59fbf216a2fe.SC2Replay
177,177,177,MaNa,69,24572,3200,11,758,0,0,replays/4thRun\291f37be4ff44910a90e59fbf216a2fe.SC2Replay
178,178,178,LiquidMaNa,68,36361,4200,14,826,0,0,replays/4thRun\291f47a9b8d14392a1b81a0a5c4429f2.SC2Replay
179,179,179,Bly,77,71938,8025,102,989,0,1,replays/4thRun\291f47a9b8d14392a1b81a0a5c4429f2.SC2Replay
180,180,180,OGZest,28,3421,125,1,248,0,1,replays/4thRun\297f1f440d894a43892e617a27af5a5a.SC2Replay
181,181,181,soO,24,3991,700,9,246,0,0,replays/4thRun\297f1f440d894a43892e617a27af5a5a.SC2Replay
182,182,182,Harstem,44,7074,725,3,375,0,0,replays/4thRun\312a63a43a974d469371f02988748468.SC2Replay
183,183,183,AxImpact,43,7652,1150,14,377,0,1,replays/4thRun\312a63a43a974d469371f02988748468.SC2Replay
184,184,184,PiG,58,16049,2150,35,507,0,1,replays/4thRun\313e495028e74eddb7bbac28d4bbde27.SC2Replay
185,185,185,NoPinSea,52,14689,2950,13,561,0,0,replays/4thRun\313e495028e74eddb7bbac28d4bbde27.SC2Replay
186,186,186,SortOf,75,59534,13300,184,1068,0,1,replays/4thRun\313f66a66cf0484d9c7b373053565fd4.SC2Replay
187,187,187,TIME,56,48790,5575,66,1084,0,0,replays/4thRun\313f66a66cf0484d9c7b373053565fd4.SC2Replay
188,188,188,Rose,51,11448,1400,22,504,0,0,replays/4thRun\314b2411d5034d3f9049b7e549c4dc64.SC2Replay
189,189,189,FWHas,55,13481,1150,5,487,0,1,replays/4thRun\314b2411d5034d3f9049b7e549c4dc64.SC2Replay
190,190,190,Fist,14,2898,800,18,215,0,0,replays/4thRun\314d9addc56c4eb48678b4ec8a2564fd.SC2Replay
191,191,191,Sen,19,3269,900,17,240,0,1,replays/4thRun\314d9addc56c4eb48678b4ec8a2564fd.SC2Replay
192,192,192,TYTY,41,10250,1675,11,480,0,1,replays/4thRun\314efe84348e4731a1ddba93f388bf0f.SC2Replay
193,193,193,Bunny,43,10753,1575,13,476,0,0,replays/4thRun\314efe84348e4731a1ddba93f388bf0f.SC2Replay
194,194,194,INnoVation,82,40069,7825,83,983,0,1,replays/4thRun\315eb13dfc2c46568b60e5414d0cd9fc.SC2Replay
195,195,195,Lambo,83,99873,12025,168,1050,0,0,replays/4thRun\315eb13dfc2c46568b60e5414d0cd9fc.SC2Replay
196,196,196,Reynor,68,21802,4550,63,642,0,1,replays/4thRun\316f474d2b77472c8d1d738d872ed1ff.SC2Replay
197,197,197,InZaNe,57,24059,2100,9,648,0,0,replays/4thRun\316f474d2b77472c8d1d738d872ed1ff.SC2Replay
198,198,198,Boo,13,2708,1050,20,221,0,0,replays/4thRun\318a87d6aa5f413b9a6864d01fe9a29d.SC2Replay
199,199,199,JonSnow,14,4162,950,24,220,0,1,replays/4thRun\318a87d6aa5f413b9a6864d01fe9a29d.SC2Replay
200,200,200,LiquidSnute,34,4796,1675,29,343,0,1,replays/4thRun\319d29726abd4412b7192a27d0cc1ffe.SC2Replay
201,201,201,Zanster,30,5773,1100,22,329,0,0,replays/4thRun\319d29726abd4412b7192a27d0cc1ffe.SC2Replay
202,202,202,jjakji,37,13102,2800,42,595,0,1,replays/4thRun\329bb30616c6479285958333d2d5de19.SC2Replay
203,203,203,Impact,44,12909,5300,44,593,0,0,replays/4thRun\329bb30616c6479285958333d2d5de19.SC2Replay
204,204,204,aLive,34,24918,4650,47,710,0,0,replays/4thRun\338c310425a748ac96f66cd47d269527.SC2Replay
205,205,205,TYTY,50,24189,4325,31,695,0,1,replays/4thRun\338c310425a748ac96f66cd47d269527.SC2Replay
206,206,206,Nerchio,50,8423,2050,35,433,0,0,replays/4thRun\340dd4d68ab5451fb3a0c9c436bb558e.SC2Replay
207,207,207,Zest,42,7821,775,5,381,0,1,replays/4thRun\340dd4d68ab5451fb3a0c9c436bb558e.SC2Replay
208,208,208,Snute,17,3250,900,17,235,0,1,replays/4thRun\343b799a4af24ee7a5d0c8f3b458aa0e.SC2Replay
209,209,209,FishTaco,13,3529,950,24,235,0,0,replays/4thRun\343b799a4af24ee7a5d0c8f3b458aa0e.SC2Replay
210,210,210,Elazer,21,6197,1125,21,376,0,1,replays/4thRun\346ea52b1a014fdb92f3e5715d347a36.SC2Replay
211,211,211,iAsonu,17,3191,1000,21,242,0,0,replays/4thRun\346ea52b1a014fdb92f3e5715d347a36.SC2Replay
212,212,212,Buster,67,36865,3050,31,989,0,1,replays/4thRun\348ae2caf3ee4e509f4aae5c33eefb72.SC2Replay
213,213,213,Nice,46,31662,1000,4,917,0,0,replays/4thRun\348ae2caf3ee4e509f4aae5c33eefb72.SC2Replay
214,214,214,Has,53,29941,2250,9,692,0,1,replays/4thRun\349ac7e2f1e74ed8903ff4cc618793aa.SC2Replay
215,215,215,RiSky,64,21330,3425,35,583,0,0,replays/4thRun\349ac7e2f1e74ed8903ff4cc618793aa.SC2Replay
216,216,216,PtitDrogo,24,3158,125,1,219,0,0,replays/4thRun\351c4fc943544e8c877f15830748dfcd.SC2Replay
217,217,217,Zanster,19,2921,650,12,216,0,1,replays/4thRun\351c4fc943544e8c877f15830748dfcd.SC2Replay
218,218,218,Bioice,40,8612,3200,31,546,0,0,replays/4thRun\361ba23debf74516a16745f99ae5ca1d.SC2Replay
219,219,219,Bly,46,10499,3800,35,545,0,1,replays/4thRun\361ba23debf74516a16745f99ae5ca1d.SC2Replay
220,220,220,SortOf,21,2605,400,5,189,0,1,replays/4thRun\361bd10226514ef4973aaaa8e51830a7.SC2Replay
221,221,221,Dolan,15,1235,300,6,194,0,0,replays/4thRun\361bd10226514ef4973aaaa8e51830a7.SC2Replay
222,222,222,PartinG,24,3922,500,4,249,0,1,replays/4thRun\362fd6e9daa646bb95cc9487aeb3454a.SC2Replay
223,223,223,liquidthermy,23,4506,675,4,257,0,0,replays/4thRun\362fd6e9daa646bb95cc9487aeb3454a.SC2Replay
224,224,224,Reynor,68,20597,2325,36,564,0,1,replays/4thRun\365a6a97265840d8acd08e1ab65b19cb.SC2Replay
225,225,225,Serral,68,13165,3075,30,558,0,0,replays/4thRun\365a6a97265840d8acd08e1ab65b19cb.SC2Replay
226,226,226,HeroMarine,63,25340,900,14,583,0,1,replays/4thRun\369a548972eb4b5caf82d1f4fcdb778f.SC2Replay
227,227,227,Namshar,65,26583,2650,33,596,0,0,replays/4thRun\369a548972eb4b5caf82d1f4fcdb778f.SC2Replay
228,228,228,TRUE,57,15590,2525,42,556,0,1,replays/4thRun\369ef5875fc94851a6e9ecd518de637c.SC2Replay
229,229,229,TIME,37,14196,2000,15,555,0,0,replays/4thRun\369ef5875fc94851a6e9ecd518de637c.SC2Replay
230,230,230,TRUE,14,5054,1550,12,293,0,0,replays/4thRun\370b5b0336cf45d68a99a2d54705beb8.SC2Replay
231,231,231,TIME,25,6005,450,4,299,0,1,replays/4thRun\370b5b0336cf45d68a99a2d54705beb8.SC2Replay
232,232,232,liquidthermy,51,19279,525,3,541,0,0,replays/4thRun\377cb89bc0bf4d4fb691fb08b44dae34.SC2Replay
233,233,233,FanTaSy,53,24595,1900,18,570,0,1,replays/4thRun\377cb89bc0bf4d4fb691fb08b44dae34.SC2Replay
234,234,234,INnoVation,64,24617,6375,57,865,0,1,replays/4thRun\378b237eabab44d79f601b5bb8484747.SC2Replay
235,235,235,RAIL,60,33249,1225,5,784,0,0,replays/4thRun\378b237eabab44d79f601b5bb8484747.SC2Replay
236,236,236,PandaBearMe,62,30725,9175,123,821,0,1,replays/4thRun\383e3c9f21fd4a62bf1f9ca713537bf6.SC2Replay
237,237,237,FeaR,71,26085,3300,9,707,0,0,replays/4thRun\383e3c9f21fd4a62bf1f9ca713537bf6.SC2Replay
238,238,238,Namshar,73,40865,9400,173,791,0,1,replays/4thRun\387c9027a1fc414187b5b680b3062426.SC2Replay
239,239,239,Bunny,60,46433,8050,107,949,0,0,replays/4thRun\387c9027a1fc414187b5b680b3062426.SC2Replay
240,240,240,eGGz,45,25847,4700,69,644,0,0,replays/4thRun\390b1b15b3874a3e888e1c47e31351fa.SC2Replay
241,241,241,Toodming,52,19428,4350,55,630,0,1,replays/4thRun\390b1b15b3874a3e888e1c47e31351fa.SC2Replay
242,242,242,liquidthermy,50,16110,4275,41,683,0,0,replays/4thRun\391f0d48e4a24a57a35e0ced1d151c13.SC2Replay
243,243,243,Harstem,50,18676,925,6,562,0,1,replays/4thRun\391f0d48e4a24a57a35e0ced1d151c13.SC2Replay
244,244,244,DnS,59,14857,625,3,517,0,0,replays/4thRun\393cc7e8c5314d98bb8c3968d610c3dd.SC2Replay
245,245,245,SpeCial,44,10290,1350,18,442,0,1,replays/4thRun\393cc7e8c5314d98bb8c3968d610c3dd.SC2Replay
246,246,246,LiquidTLO,59,15229,3000,28,515,0,0,replays/4thRun\393f898e04ff4446926bba0a8ee55afe.SC2Replay
247,247,247,iGiAsonu,44,14011,4200,39,528,0,1,replays/4thRun\393f898e04ff4446926bba0a8ee55afe.SC2Replay
248,248,248,Harstem,51,9739,725,3,445,0,0,replays/4thRun\398bb11e2c3f456c9b4fe6579af01e51.SC2Replay
249,249,249,Bunny,46,8377,750,15,405,0,1,replays/4thRun\398bb11e2c3f456c9b4fe6579af01e51.SC2Replay
250,250,250,MarineLorD,70,41547,6950,79,863,0,1,replays/4thRun\399ad13de4804ec3ad4909a5b4e650d3.SC2Replay
251,251,251,Nerchio,69,62575,13600,79,1048,0,0,replays/4thRun\399ad13de4804ec3ad4909a5b4e650d3.SC2Replay
252,252,252,Probe,67,19684,2825,12,639,0,0,replays/4thRun\402f3997de014d25989bbd9b7a1f166e.SC2Replay
253,253,253,Bly,68,28167,2975,36,639,0,1,replays/4thRun\402f3997de014d25989bbd9b7a1f166e.SC2Replay
254,254,254,Serral,68,12758,2850,34,558,0,0,replays/4thRun\403a0fbe69494acf88e7e6bb2fd7f62d.SC2Replay
255,255,255,Scarlett,70,33251,6150,65,651,0,1,replays/4thRun\403a0fbe69494acf88e7e6bb2fd7f62d.SC2Replay
256,256,256,Lambo,51,12959,2700,41,497,0,0,replays/4thRun\407db434d0cb4f03ad46b98a0917543d.SC2Replay
257,257,257,LiquidMaNa,48,13397,850,4,471,0,1,replays/4thRun\407db434d0cb4f03ad46b98a0917543d.SC2Replay
258,258,258,Lilbow,52,36169,1250,5,762,0,0,replays/4thRun\410ce439048f47fc9729ea00fee87b95.SC2Replay
259,259,259,MarineLorD,66,21915,4725,59,740,0,1,replays/4thRun\410ce439048f47fc9729ea00fee87b95.SC2Replay
260,260,260,JadedShard,37,26297,2225,41,564,0,0,replays/4thRun\410dda05421e4c09ba920c75602b2e5f.SC2Replay
261,261,261,Dolan,53,17971,1125,9,555,0,1,replays/4thRun\410dda05421e4c09ba920c75602b2e5f.SC2Replay
262,262,262,Neeb,46,8436,525,4,430,0,0,replays/4thRun\412a403cd3694639b2280cfa2bd8769c.SC2Replay
263,263,263,TYTY,43,8223,1075,14,436,0,1,replays/4thRun\412a403cd3694639b2280cfa2bd8769c.SC2Replay
264,264,264,Neeb,25,4456,350,2,272,0,0,replays/4thRun\413b6c2436324c469cff647ca6fc3f0b.SC2Replay
265,265,265,Semper,27,6457,500,8,298,0,1,replays/4thRun\413b6c2436324c469cff647ca6fc3f0b.SC2Replay
266,266,266,PandaBearMe,37,14401,2600,51,479,0,1,replays/4thRun\415d0ee460124486aa9b5b9b8a667293.SC2Replay
267,267,267,Hymy,43,12940,525,3,477,0,0,replays/4thRun\415d0ee460124486aa9b5b9b8a667293.SC2Replay
268,268,268,Geralt,55,13552,1075,6,556,0,0,replays/4thRun\420dcec6a6564c6cab8dea6706e103d3.SC2Replay
269,269,269,lIIllllIIlll,48,12742,3400,35,575,0,1,replays/4thRun\420dcec6a6564c6cab8dea6706e103d3.SC2Replay
270,270,270,Kelazhur,63,25204,3700,48,803,0,1,replays/4thRun\424b32658c094af99b659583f36f29cf.SC2Replay
271,271,271,SortOf,69,30635,8050,143,831,0,0,replays/4thRun\424b32658c094af99b659583f36f29cf.SC2Replay
272,272,272,Zanster,63,21003,3900,76,631,0,1,replays/4thRun\427e43051f55406fba66762e390beec1.SC2Replay
273,273,273,Kas,46,24797,2700,41,630,0,0,replays/4thRun\427e43051f55406fba66762e390beec1.SC2Replay
274,274,274,Scarlett,49,28332,6000,47,643,0,0,replays/4thRun\428a27f5448040bf9c040dccd5934c47.SC2Replay
275,275,275,Serral,55,18324,4400,40,641,0,1,replays/4thRun\428a27f5448040bf9c040dccd5934c47.SC2Replay
276,276,276,lllIIIIllll,44,17397,2525,10,560,0,0,replays/4thRun\433f33556646490baf8eb31a71a543f6.SC2Replay
277,277,277,LiquidSnute,40,18245,5925,115,603,0,1,replays/4thRun\433f33556646490baf8eb31a71a543f6.SC2Replay
278,278,278,iGXiGua,60,45687,9500,118,1001,0,1,replays/4thRun\436a24f3b29e46cda44cb8077d9239bb.SC2Replay
279,279,279,iGMacSed,73,72610,6550,67,1247,0,1,replays/4thRun\436a24f3b29e46cda44cb8077d9239bb.SC2Replay
280,280,280,开局要打鸡儿盒饭,0,0,0,0,0,0,0,replays/4thRun\436a24f3b29e46cda44cb8077d9239bb.SC2Replay
281,281,281,doudou,0,0,0,0,0,0,0,replays/4thRun\436a24f3b29e46cda44cb8077d9239bb.SC2Replay
282,282,282,Lambo,76,44617,11400,81,798,0,1,replays/4thRun\439fff29fe14466f8506fc044aa70d98.SC2Replay
283,283,283,ShoWTimE,71,26965,5850,22,794,0,0,replays/4thRun\439fff29fe14466f8506fc044aa70d98.SC2Replay
284,284,284,Harstem,67,26576,3200,14,757,0,0,replays/4thRun\440b1bfb9f454085b21f8c215740382d.SC2Replay
285,285,285,TYTY,57,26521,5175,62,812,0,1,replays/4thRun\440b1bfb9f454085b21f8c215740382d.SC2Replay
286,286,286,DnS,49,12632,800,4,453,0,1,replays/4thRun\446fe261fa564084a7b79c85b6c2f3d7.SC2Replay
287,287,287,LiquidTLO,51,7223,1875,33,473,0,0,replays/4thRun\446fe261fa564084a7b79c85b6c2f3d7.SC2Replay
288,288,288,Rex,61,15323,2700,31,569,0,0,replays/4thRun\451bfb4ca74f47bdb84fa944dce1a003.SC2Replay
289,289,289,Expect,51,17109,2325,24,592,0,1,replays/4thRun\451bfb4ca74f47bdb84fa944dce1a003.SC2Replay
290,290,290,NonY,30,6168,1000,5,343,0,1,replays/4thRun\452f45e4773b4215b6a58f70c81e023b.SC2Replay
291,291,291,xKawaiian,27,8104,1125,13,359,0,0,replays/4thRun\452f45e4773b4215b6a58f70c81e023b.SC2Replay
292,292,292,SpeCial,27,5702,750,10,334,0,1,replays/4thRun\456f4ebcd9f848449319c7dc9ba25269.SC2Replay
293,293,293,Has,26,7411,775,3,352,0,0,replays/4thRun\456f4ebcd9f848449319c7dc9ba25269.SC2Replay
294,294,294,Drunkenboi,66,25480,4475,51,885,0,0,replays/4thRun\461c4cc018df43c7bf02198bbf48a41f.SC2Replay
295,295,295,SortOf,70,31735,9500,114,885,0,1,replays/4thRun\461c4cc018df43c7bf02198bbf48a41f.SC2Replay
296,296,296,JonSnow,28,9675,875,16,451,0,0,replays/4thRun\462ebb68f294406b862e1b08e7e9a33c.SC2Replay
297,297,297,viOLet,38,7380,1650,15,467,0,1,replays/4thRun\462ebb68f294406b862e1b08e7e9a33c.SC2Replay
298,298,298,FeaR,47,16766,700,4,468,0,0,replays/4thRun\463a010696c049528b615ec16918ae3f.SC2Replay
299,299,299,soO,56,11232,1950,27,455,0,1,replays/4thRun\463a010696c049528b615ec16918ae3f.SC2Replay
300,300,300,FeaR,69,35576,2050,7,773,0,0,replays/4thRun\463bb241ba9042d3a301824a331f6b52.SC2Replay
301,301,301,TLO,72,21960,6225,78,794,0,1,replays/4thRun\463bb241ba9042d3a301824a331f6b52.SC2Replay
302,302,302,Neeblet,67,14108,1550,7,550,0,1,replays/4thRun\464a22d04d49411792d09eac3b870b9e.SC2Replay
303,303,303,Guru,70,16796,2425,22,555,0,0,replays/4thRun\464a22d04d49411792d09eac3b870b9e.SC2Replay
304,304,304,Nerchio,72,25986,4150,44,644,0,1,replays/4thRun\477cfdcd92334e2eb13415a4ad87406d.SC2Replay
305,305,305,uThermal,66,18201,3575,33,651,0,0,replays/4thRun\477cfdcd92334e2eb13415a4ad87406d.SC2Replay
306,306,306,Crow,77,96805,14125,108,1094,0,0,replays/4thRun\483aaeab1ca042c095d5fb9a302eea78.SC2Replay
307,307,307,cloudy,74,88303,4610,40,1094,0,1,replays/4thRun\483aaeab1ca042c095d5fb9a302eea78.SC2Replay
308,308,308,Kelazhur,24,3845,450,3,248,0,1,replays/4thRun\484f92acbe5b414494d77be95e2df635.SC2Replay
309,309,309,Dolan,25,4518,300,3,259,0,0,replays/4thRun\484f92acbe5b414494d77be95e2df635.SC2Replay
310,310,310,PtitDrogo,32,10166,1200,8,445,0,1,replays/4thRun\487d6e2b8dbb44fb83331655ddcd57df.SC2Replay
311,311,311,Daydreamer,24,14255,900,4,457,0,0,replays/4thRun\487d6e2b8dbb44fb83331655ddcd57df.SC2Replay
312,312,312,MMA,40,8989,650,13,409,0,0,replays/4thRun\491e04cb8ed54ecc92f6b296a3cc332e.SC2Replay
313,313,313,Harstem,46,7131,975,6,400,0,1,replays/4thRun\491e04cb8ed54ecc92f6b296a3cc332e.SC2Replay
314,314,314,TYTY,71,35777,3625,48,788,0,1,replays/4thRun\493c7ffda5c54c34b1cf5afffb33a4eb.SC2Replay
315,315,315,Zest,62,25724,2625,11,688,0,0,replays/4thRun\493c7ffda5c54c34b1cf5afffb33a4eb.SC2Replay
316,316,316,Krr,61,13222,1325,5,526,0,0,replays/4thRun\497a6e1e63a94a2a8afe6a2c1fd0ce77.SC2Replay
317,317,317,ParanOid,67,19394,1725,21,521,0,1,replays/4thRun\497a6e1e63a94a2a8afe6a2c1fd0ce77.SC2Replay
318,318,318,Demi,40,9360,1350,22,415,0,0,replays/4thRun\497b57978aa74d43b5693535e09d9b08.SC2Replay
319,319,319,MeomaikA,31,8763,1475,29,417,0,1,replays/4thRun\497b57978aa74d43b5693535e09d9b08.SC2Replay
320,320,320,Bly,19,2331,200,2,172,0,0,replays/4thRun\501e61bb0539490fa4af13939cb71be1.SC2Replay
321,321,321,EnDerr,14,2955,550,16,177,0,1,replays/4thRun\501e61bb0539490fa4af13939cb71be1.SC2Replay
322,322,322,Pono,60,21726,3400,65,570,0,1,replays/4thRun\503e0c62caa745e3826c62f7e0b6aff5.SC2Replay
323,323,323,AlienViruz,26,31456,1350,16,643,0,0,replays/4thRun\503e0c62caa745e3826c62f7e0b6aff5.SC2Replay
324,324,324,Denver,18,2046,600,10,197,0,1,replays/4thRun\506f9e3aeddf4bf7ab2b312ab79e8e00.SC2Replay
325,325,325,TooDming,15,2628,500,14,196,0,0,replays/4thRun\506f9e3aeddf4bf7ab2b312ab79e8e00.SC2Replay
326,326,326,LiquidMaNa,22,10961,1700,9,439,0,1,replays/4thRun\508c4893d88348689a8434d10c3ca165.SC2Replay
327,327,327,PiLiPiLi,23,4895,800,5,272,0,0,replays/4thRun\508c4893d88348689a8434d10c3ca165.SC2Replay
328,328,328,daydrA,43,16234,5375,71,620,0,0,replays/4thRun\512ced577f57455b983e6890acea70dc.SC2Replay
329,329,329,Harstem,62,19711,1400,6,640,0,1,replays/4thRun\512ced577f57455b983e6890acea70dc.SC2Replay
330,330,330,FoolOfaTook,30,5612,975,12,304,0,0,replays/4thRun\515f5f20977b4d32947bcb674140918e.SC2Replay
331,331,331,Raze,28,5581,600,7,302,0,1,replays/4thRun\515f5f20977b4d32947bcb674140918e.SC2Replay
332,332,332,Darkness,20,5684,400,3,358,0,0,replays/4thRun\517df341d9ec429ca387998431152242.SC2Replay
333,333,333,Cham,34,5692,1050,8,353,0,1,replays/4thRun\517df341d9ec429ca387998431152242.SC2Replay
334,334,334,PiLiPiLi,30,5064,450,3,298,0,0,replays/4thRun\523c4c4354ae47ad853b95e6e407c5b0.SC2Replay
335,335,335,LiquidMaNa,27,8337,375,2,320,0,1,replays/4thRun\523c4c4354ae47ad853b95e6e407c5b0.SC2Replay
336,336,336,Neeb,49,12955,725,5,474,0,1,replays/4thRun\524fa68b4d264c94bd4a3f3c2e23c5ff.SC2Replay
337,337,337,Hydra,49,10627,2400,42,450,0,0,replays/4thRun\524fa68b4d264c94bd4a3f3c2e23c5ff.SC2Replay
338,338,338,Scarlett,70,21099,3175,42,564,0,1,replays/4thRun\529a70253ca94a60bbf7f5d744e22991.SC2Replay
339,339,339,ShaDoWn,50,13213,975,5,496,0,0,replays/4thRun\529a70253ca94a60bbf7f5d744e22991.SC2Replay
340,340,340,HateMe,67,14974,4150,33,576,0,0,replays/4thRun\529afcb4ef4b4c2c8dd8840c51c0ea18.SC2Replay
341,341,341,Elazer,71,19178,3500,38,569,0,1,replays/4thRun\529afcb4ef4b4c2c8dd8840c51c0ea18.SC2Replay
342,342,342,Dayshi,48,11236,1625,17,508,0,0,replays/4thRun\536e83cebab340468bd65bf74cf7b936.SC2Replay
343,343,343,Nerchio,64,10371,2300,27,507,0,1,replays/4thRun\536e83cebab340468bd65bf74cf7b936.SC2Replay
344,344,344,MaNa,67,38921,3625,13,800,0,0,replays/4thRun\537e4ac6909a4bdbba6d3d6db9a07ff3.SC2Replay
345,345,345,Serral,82,37208,8800,125,796,0,1,replays/4thRun\537e4ac6909a4bdbba6d3d6db9a07ff3.SC2Replay
346,346,346,Silky,30,7038,1125,14,465,0,0,replays/4thRun\542fd52d55dd47a09eb91cd7e54ab3a7.SC2Replay
347,347,347,Warren,35,11157,1425,19,474,0,1,replays/4thRun\542fd52d55dd47a09eb91cd7e54ab3a7.SC2Replay
348,348,348,TRUE,14,2343,500,14,174,0,1,replays/4thRun\544ff1e8fb424c81ac5ae9cef3d3bba4.SC2Replay
349,349,349,PandaBearMe,20,2207,300,3,168,0,0,replays/4thRun\544ff1e8fb424c81ac5ae9cef3d3bba4.SC2Replay
350,350,350,Neeb,72,56023,5700,13,1175,0,1,replays/4thRun\548f655d03624a9cafe22545753e5520.SC2Replay
351,351,351,Semper,67,52315,5025,51,1186,0,0,replays/4thRun\548f655d03624a9cafe22545753e5520.SC2Replay
352,352,352,SpaceJam,40,9447,1575,21,459,0,1,replays/4thRun\554d73aff807444c80fe6c6fc03ceee9.SC2Replay
353,353,353,Pure,46,13645,525,3,445,0,0,replays/4thRun\554d73aff807444c80fe6c6fc03ceee9.SC2Replay
354,354,354,Bones,27,10343,1300,6,354,0,0,replays/4thRun\555e228107f64362b8ca0f082ff93fef.SC2Replay
355,355,355,TheoRy,32,8957,900,5,380,0,1,replays/4thRun\555e228107f64362b8ca0f082ff93fef.SC2Replay
356,356,356,Pokebunny,32,12427,1900,13,424,0,1,replays/4thRun\560a5e6892f04999aa8bcaaa11aff15d.SC2Replay
357,357,357,UpATree,27,6560,900,5,338,0,0,replays/4thRun\560a5e6892f04999aa8bcaaa11aff15d.SC2Replay
358,358,358,Semper,38,7636,850,12,372,0,1,replays/4thRun\566ca301330242e3980f86a81bd1a1bf.SC2Replay
359,359,359,Rhizer,41,5848,850,5,375,0,0,replays/4thRun\566ca301330242e3980f86a81bd1a1bf.SC2Replay
360,360,360,Dark,66,18247,5025,74,606,0,1,replays/4thRun\566cab7bcfb24afab27633495b42d6e3.SC2Replay
361,361,361,Elazer,66,17538,5150,40,610,0,0,replays/4thRun\566cab7bcfb24afab27633495b42d6e3.SC2Replay
362,362,362,Happy,48,21057,1650,12,610,0,1,replays/4thRun\568f9fdb079d42798f71c42053dd2651.SC2Replay
363,363,363,hydra,52,18199,2125,22,620,0,0,replays/4thRun\568f9fdb079d42798f71c42053dd2651.SC2Replay
364,364,364,INnoVation,26,4020,300,3,254,0,0,replays/4thRun\569bf589c7a543ad905fdc27e45d5991.SC2Replay
365,365,365,aLive,26,4681,200,3,264,0,1,replays/4thRun\569bf589c7a543ad905fdc27e45d5991.SC2Replay
366,366,366,MightyKiwi,43,14004,1250,18,653,0,1,replays/4thRun\575b7b22e23b4131853525a84c9c07d8.SC2Replay
367,367,367,ZergGirl,39,19353,1650,18,649,0,0,replays/4thRun\575b7b22e23b4131853525a84c9c07d8.SC2Replay
368,368,368,Serral,70,48629,8600,69,967,0,1,replays/4thRun\575ec28c84e24efb9ec177ea9612535b.SC2Replay
369,369,369,LiquidTLO,73,55618,11900,103,1032,0,0,replays/4thRun\575ec28c84e24efb9ec177ea9612535b.SC2Replay
370,370,370,Bioice,48,8894,2125,24,445,0,1,replays/4thRun\576dec3e2daa41f6bfe5254412b51a0d.SC2Replay
371,371,371,Beez,35,11807,2425,47,430,0,0,replays/4thRun\576dec3e2daa41f6bfe5254412b51a0d.SC2Replay
372,372,372,hydra,66,32322,6775,53,680,0,0,replays/4thRun\579cb824c4d24fa8bac20ec329122b3f.SC2Replay
373,373,373,Happy,61,24680,1725,24,662,0,1,replays/4thRun\579cb824c4d24fa8bac20ec329122b3f.SC2Replay
374,374,374,ShoWTimE,23,5275,1000,5,312,0,1,replays/4thRun\582b6a0bf1b946fb94f625c654513839.SC2Replay
375,375,375,Socke,29,6182,825,5,318,0,0,replays/4thRun\582b6a0bf1b946fb94f625c654513839.SC2Replay
376,376,376,Optimus,37,6812,925,8,376,0,1,replays/4thRun\582fa8a09ac84dd58862a254c7a1a79f.SC2Replay
377,377,377,Oobios,29,7805,1725,35,359,0,0,replays/4thRun\582fa8a09ac84dd58862a254c7a1a79f.SC2Replay
378,378,378,ByuN,52,13390,4000,44,627,0,1,replays/4thRun\583c63eca69a4652a27679caa91e7328.SC2Replay
379,379,379,HeRoMaRinE,46,14532,4000,45,622,0,0,replays/4thRun\583c63eca69a4652a27679caa91e7328.SC2Replay
380,380,380,Zanster,96,54518,5275,48,1247,0,0,replays/4thRun\585cb3d4b59141db8c2693ec46344adb.SC2Replay
381,381,381,Has,86,84281,8795,65,1223,0,1,replays/4thRun\585cb3d4b59141db8c2693ec46344adb.SC2Replay
382,382,382,Elazer,83,34138,10900,101,723,0,1,replays/4thRun\601f91e5323946d590b9bc5e12e15257.SC2Replay
383,383,383,Bunny,90,30617,5650,28,820,0,0,replays/4thRun\601f91e5323946d590b9bc5e12e15257.SC2Replay
384,384,384,Revolution,40,8052,1800,24,378,0,1,replays/4thRun\602c3c228b1140ec9da0b171e05e6f89.SC2Replay
385,385,385,BackupB,31,8848,1300,17,376,0,0,replays/4thRun\602c3c228b1140ec9da0b171e05e6f89.SC2Replay
386,386,386,Namshar,69,38199,6950,59,735,0,1,replays/4thRun\608aa34883b040bfb45792480e6a13a2.SC2Replay
387,387,387,LiquidTLO,67,19823,6100,56,736,0,0,replays/4thRun\608aa34883b040bfb45792480e6a13a2.SC2Replay
388,388,388,iAsonu,60,20420,3725,36,519,0,0,replays/4thRun\610a05c99bb9435db9d7486a55bc4179.SC2Replay
389,389,389,ShoWTimE,48,8293,1250,7,467,0,1,replays/4thRun\610a05c99bb9435db9d7486a55bc4179.SC2Replay
390,390,390,GuMiho,40,10286,1850,15,477,0,1,replays/4thRun\619bc35dd78b4aef9d41132f6c950c71.SC2Replay
391,391,391,Arctur,35,11076,1500,11,436,0,0,replays/4thRun\619bc35dd78b4aef9d41132f6c950c71.SC2Replay
392,392,392,iGJim,36,6274,450,3,341,0,1,replays/4thRun\619df7c9a2e847e0a60fea0a074fa553.SC2Replay
393,393,393,TIME,34,7381,750,11,345,0,0,replays/4thRun\619df7c9a2e847e0a60fea0a074fa553.SC2Replay
394,394,394,CatZ,42,12916,1500,27,515,0,1,replays/4thRun\623d4ae91525437fa2756f53ffd60815.SC2Replay
395,395,395,Pono,20,8651,1525,41,407,0,0,replays/4thRun\623d4ae91525437fa2756f53ffd60815.SC2Replay
396,396,396,Elazer,31,8690,2075,45,400,0,1,replays/4thRun\624ce6bb2cb844e0b641322f345ac0fb.SC2Replay
397,397,397,Namshar,24,10673,2250,33,397,0,0,replays/4thRun\624ce6bb2cb844e0b641322f345ac0fb.SC2Replay
398,398,398,Raze,50,12625,1500,5,535,0,1,replays/4thRun\629e6c75e8dd4fbc93f42d2cb49433ca.SC2Replay
399,399,399,Dolan,31,14632,2025,27,522,0,0,replays/4thRun\629e6c75e8dd4fbc93f42d2cb49433ca.SC2Replay
400,400,400,PartinG,52,15143,975,4,592,0,1,replays/4thRun\632d469c8e694b09a3e7ac48b442a254.SC2Replay
401,401,401,FanTaSy,53,14797,2625,30,592,0,0,replays/4thRun\632d469c8e694b09a3e7ac48b442a254.SC2Replay
402,402,402,Happy,39,16250,2725,27,690,0,1,replays/4thRun\638a0906022d44d099b26a79c263d9a2.SC2Replay
403,403,403,LiquidMaNa,47,19134,1750,7,686,0,0,replays/4thRun\638a0906022d44d099b26a79c263d9a2.SC2Replay
404,404,404,Probe,26,9579,800,6,350,0,0,replays/4thRun\638b27ecc8824b19a9cb73b7a91a2d57.SC2Replay
405,405,405,PtitDrogo,30,14658,1050,8,440,0,1,replays/4thRun\638b27ecc8824b19a9cb73b7a91a2d57.SC2Replay
406,406,406,EnDerr,18,3658,575,9,235,0,1,replays/4thRun\639b6c4d33774200881673a766b46f12.SC2Replay
407,407,407,Seventy,22,2658,0,0,238,0,0,replays/4thRun\639b6c4d33774200881673a766b46f12.SC2Replay
408,408,408,MaSa,53,14045,1750,12,555,0,0,replays/4thRun\648b9edeedd34c9391aa3ef1e814fa2b.SC2Replay
409,409,409,Elazer,66,12243,2600,37,558,0,1,replays/4thRun\648b9edeedd34c9391aa3ef1e814fa2b.SC2Replay
410,410,410,OGZest,58,35540,2525,9,842,0,0,replays/4thRun\654a6aace3a545dd8a6a62d8faeec08b.SC2Replay
411,411,411,soO,70,39994,6575,102,844,0,1,replays/4thRun\654a6aace3a545dd8a6a62d8faeec08b.SC2Replay
412,412,412,uThermal,63,29771,3700,51,904,0,0,replays/4thRun\655df45f526e41728cfed4a91de32467.SC2Replay
413,413,413,GAMETIME,63,34423,7225,90,900,0,1,replays/4thRun\655df45f526e41728cfed4a91de32467.SC2Replay
414,414,414,Reynor,58,11400,3200,25,536,0,1,replays/4thRun\660c06680ca943d287cace8b1a83119b.SC2Replay
415,415,415,PSiArc,48,15072,2025,14,531,0,0,replays/4thRun\660c06680ca943d287cace8b1a83119b.SC2Replay
416,416,416,Toodming,30,10909,2900,69,515,0,1,replays/4thRun\661a7b30cfdc4a21a79e51e4bbded281.SC2Replay
417,417,417,GogojOey,24,13051,2550,37,507,0,0,replays/4thRun\661a7b30cfdc4a21a79e51e4bbded281.SC2Replay
418,418,418,Elroye,56,20328,7250,62,746,0,0,replays/4thRun\662b214fdd8d4ba79648f6a6ca1219bf.SC2Replay
419,419,419,Dana,57,16787,6950,54,745,0,1,replays/4thRun\662b214fdd8d4ba79648f6a6ca1219bf.SC2Replay
420,420,420,ShoWTimE,12,100,0,0,0,0,1,replays/4thRun\662fa8d119b6494aba64a1c33fe816d8.SC2Replay
421,421,421,Krr,66,25493,5140,37,727,0,1,replays/4thRun\663b603ed0704eb9bae322152ec1c10c.SC2Replay
422,422,422,ParanOid,87,46545,6425,70,744,0,0,replays/4thRun\663b603ed0704eb9bae322152ec1c10c.SC2Replay
423,423,423,Happy,63,20867,2925,30,680,0,0,replays/4thRun\664a30fc81834f5dba6e7ab55908b3cb.SC2Replay
424,424,424,LiquidSnute,78,48345,4325,55,683,0,1,replays/4thRun\664a30fc81834f5dba6e7ab55908b3cb.SC2Replay
425,425,425,LiquidSnute,48,22011,2750,58,582,0,1,replays/4thRun\664bd93e1497431d98334cadf2c94f0a.SC2Replay
426,426,426,AxImpact,40,12334,4725,65,590,0,0,replays/4thRun\664bd93e1497431d98334cadf2c94f0a.SC2Replay
427,427,427,PiLiPiLi,23,4953,700,5,290,0,1,replays/4thRun\671dfd604d8d405e84f32f8b71046fcc.SC2Replay
428,428,428,PandaBearMe,27,6373,900,14,282,0,0,replays/4thRun\671dfd604d8d405e84f32f8b71046fcc.SC2Replay
429,429,429,ShoWTimE,35,7599,1125,6,366,0,1,replays/4thRun\671f2181d0064dab8c38cc744aa2ae81.SC2Replay
430,430,430,HateMe,47,9964,1925,31,425,0,0,replays/4thRun\671f2181d0064dab8c38cc744aa2ae81.SC2Replay
431,431,431,Nerchio,39,6920,1750,36,412,0,1,replays/4thRun\678d0e87e0314fe3b6e80d85fd2d074e.SC2Replay
432,432,432,Zest,36,5555,125,1,329,0,0,replays/4thRun\678d0e87e0314fe3b6e80d85fd2d074e.SC2Replay
433,433,433,HeroMarine,45,16132,1350,9,567,0,0,replays/4thRun\679e4501708d4f9092c1ff5856d44503.SC2Replay
434,434,434,TRUE,62,11303,2350,39,572,0,1,replays/4thRun\679e4501708d4f9092c1ff5856d44503.SC2Replay
435,435,435,HeltEn,64,32892,5950,83,826,0,0,replays/4thRun\681bcafa44b14cc3b15922502b828101.SC2Replay
436,436,436,FoolOfaTook,62,39253,9900,127,827,0,1,replays/4thRun\681bcafa44b14cc3b15922502b828101.SC2Replay
437,437,437,Fist,55,38168,6000,46,722,0,0,replays/4thRun\683f6f927ca9416d92c08d8ab7800610.SC2Replay
438,438,438,Nice,64,30515,1900,7,772,0,1,replays/4thRun\683f6f927ca9416d92c08d8ab7800610.SC2Replay
439,439,439,TIME,60,45720,2650,14,814,0,1,replays/4thRun\689a8312fa3b4177a6ce414308ba5fbe.SC2Replay
440,440,440,Lambo,50,21013,3975,59,720,0,0,replays/4thRun\689a8312fa3b4177a6ce414308ba5fbe.SC2Replay
441,441,441,viOLet,50,19268,3350,60,594,0,0,replays/4thRun\692e2596875942469c13fdf5e433a531.SC2Replay
442,442,442,uThermal,53,13256,3000,33,596,0,1,replays/4thRun\692e2596875942469c13fdf5e433a531.SC2Replay
443,443,443,ByuN,66,21173,2550,43,676,0,1,replays/4thRun\696b0c9625e242e9b9a8b9d3966b099c.SC2Replay
444,444,444,Solar,73,22325,3650,60,676,0,0,replays/4thRun\696b0c9625e242e9b9a8b9d3966b099c.SC2Replay
445,445,445,ShoWTimE,69,33593,5325,19,961,0,1,replays/4thRun\697cf8e6cbdb4c848971492a0652ca91.SC2Replay
446,446,446,Namshar,77,41858,8675,75,898,0,0,replays/4thRun\697cf8e6cbdb4c848971492a0652ca91.SC2Replay
447,447,447,sOs,60,13469,950,4,530,0,0,replays/4thRun\699cd99ed86745fdbd4b73e3718387b6.SC2Replay
448,448,448,ByuN,53,16255,1225,15,524,0,1,replays/4thRun\699cd99ed86745fdbd4b73e3718387b6.SC2Replay
449,449,449,Neeb,27,11244,900,4,483,0,0,replays/4thRun\700a69a24855468b968f867ad57d1e63.SC2Replay
450,450,450,TLO,47,7578,1325,16,473,0,1,replays/4thRun\700a69a24855468b968f867ad57d1e63.SC2Replay
451,451,451,LiquidSnute,22,7466,1350,24,332,0,0,replays/4thRun\701b822481cd4efe87be3b0441619e84.SC2Replay
452,452,452,PartinG,30,5708,525,2,334,0,1,replays/4thRun\701b822481cd4efe87be3b0441619e84.SC2Replay
453,453,453,MarineLorD,69,29356,7925,49,765,0,0,replays/4thRun\702d104f32e94dde86cc48ea772234cb.SC2Replay
454,454,454,Happy,95,69952,4075,32,1306,0,1,replays/4thRun\702d104f32e94dde86cc48ea772234cb.SC2Replay
455,455,455,Drunkenboi,44,10583,1750,25,519,0,1,replays/4thRun\703c55d07297478585cc9dffff7a8ffb.SC2Replay
456,456,456,puCK,40,19114,850,5,509,0,0,replays/4thRun\703c55d07297478585cc9dffff7a8ffb.SC2Replay
457,457,457,BLY,73,79614,11600,105,1011,0,0,replays/4thRun\707a334695e84e69b0e15aa6c3a18c2f.SC2Replay
458,458,458,puCK,65,44125,1000,4,887,0,1,replays/4thRun\707a334695e84e69b0e15aa6c3a18c2f.SC2Replay
459,459,459,Snute,69,36881,8200,113,825,0,0,replays/4thRun\70fa7009c52041c99b119dc363beb171.SC2Replay
460,460,460,Kelazhur,66,68454,7400,90,1093,0,1,replays/4thRun\70fa7009c52041c99b119dc363beb171.SC2Replay
461,461,461,TRUE,62,25187,8150,76,779,0,1,replays/4thRun\713f46ff574d43df9b12d51a9fbe360b.SC2Replay
462,462,462,Zanster,67,21716,6750,60,778,0,0,replays/4thRun\713f46ff574d43df9b12d51a9fbe360b.SC2Replay
463,463,463,PtitDrogo,65,20447,2275,10,590,0,1,replays/4thRun\714bf2fde87e4a0f84d50afc4b38dfc1.SC2Replay
464,464,464,Zanster,51,13724,4350,99,591,0,0,replays/4thRun\714bf2fde87e4a0f84d50afc4b38dfc1.SC2Replay
465,465,465,Petraeus,35,10047,1425,19,484,0,0,replays/4thRun\717b5aa7e763418795ffb4d69a69f136.SC2Replay
466,466,466,PiG,32,17368,1525,15,483,0,1,replays/4thRun\717b5aa7e763418795ffb4d69a69f136.SC2Replay
467,467,467,Namshar,67,52288,9625,83,935,0,1,replays/4thRun\718ca1938d5b4371bd737b25667d92d9.SC2Replay
468,468,468,Denver,65,29898,9900,79,968,0,0,replays/4thRun\718ca1938d5b4371bd737b25667d92d9.SC2Replay
469,469,469,iaguz,66,38060,3825,47,732,0,0,replays/4thRun\71a949076f5846b4ac0f9434cff7ceca.SC2Replay
470,470,470,TooDming,73,28804,5300,71,731,0,1,replays/4thRun\71a949076f5846b4ac0f9434cff7ceca.SC2Replay
471,471,471,AxImpact,34,12525,3200,38,497,0,1,replays/4thRun\71b1be58e8134bf9b74bc9fac2bc7ada.SC2Replay
472,472,472,Optimus,43,14937,1125,10,485,0,0,replays/4thRun\71b1be58e8134bf9b74bc9fac2bc7ada.SC2Replay
473,473,473,Cham,62,10127,3300,63,547,0,1,replays/4thRun\71bfd8913627417a963ce43ffe1e84ce.SC2Replay
474,474,474,Scarlett,45,7824,1500,8,407,0,0,replays/4thRun\71bfd8913627417a963ce43ffe1e84ce.SC2Replay
475,475,475,sOs,56,82105,6150,25,1216,0,1,replays/4thRun\71c1d12498844572a4c8881debd1cadc.SC2Replay
476,476,476,herO,55,50182,5100,18,1211,0,0,replays/4thRun\71c1d12498844572a4c8881debd1cadc.SC2Replay
477,477,477,MaSa,66,42764,3600,24,775,0,0,replays/4thRun\71ea21f4561a425fa8136b9a2532af2e.SC2Replay
478,478,478,Snute,77,48223,7800,53,806,0,1,replays/4thRun\71ea21f4561a425fa8136b9a2532af2e.SC2Replay
479,479,479,Optimus,59,32458,7025,79,961,0,0,replays/4thRun\71ecf896cb91458b90457cf3c345ccb7.SC2Replay
480,480,480,McMonroe,80,58354,11775,174,931,0,1,replays/4thRun\71ecf896cb91458b90457cf3c345ccb7.SC2Replay
481,481,481,Zanster,73,24689,3650,60,656,0,0,replays/4thRun\71f58b2b320643f698b70bb12aa66142.SC2Replay
482,482,482,Has,74,32028,4175,15,748,0,1,replays/4thRun\71f58b2b320643f698b70bb12aa66142.SC2Replay
483,483,483,Namshar,28,5638,1600,28,321,0,1,replays/4thRun\722d1101cff1425dac54945c639bfc38.SC2Replay
484,484,484,aLo,28,6816,900,12,315,0,0,replays/4thRun\722d1101cff1425dac54945c639bfc38.SC2Replay
485,485,485,Gremory,40,14392,4600,52,555,0,0,replays/4thRun\728f084aac8c47aba09679074a2df7c4.SC2Replay
486,486,486,RiSky,50,15185,4300,40,564,0,1,replays/4thRun\728f084aac8c47aba09679074a2df7c4.SC2Replay
487,487,487,Solar,33,4817,825,9,298,0,1,replays/4thRun\728fae0d995e4ab58eb5f92e5e389ea5.SC2Replay
488,488,488,lIIllllIIlll,30,5721,350,4,296,0,0,replays/4thRun\728fae0d995e4ab58eb5f92e5e389ea5.SC2Replay
489,489,489,soO,88,73254,11075,131,985,0,1,replays/4thRun\729ec6132b2c468ba4228976cd262b3f.SC2Replay
490,490,490,OGZest,68,110004,6775,17,1236,0,0,replays/4thRun\729ec6132b2c468ba4228976cd262b3f.SC2Replay
491,491,491,iGXY,63,25879,3725,42,692,0,1,replays/4thRun\72b6c7dcb677476d8b0b3b24c8551088.SC2Replay
492,492,492,三族统领随机娜,56,22013,2350,13,699,0,1,replays/4thRun\72b6c7dcb677476d8b0b3b24c8551088.SC2Replay
493,493,493,Cloudy,0,0,0,0,0,0,0,replays/4thRun\72b6c7dcb677476d8b0b3b24c8551088.SC2Replay
494,494,494,iGiA,0,0,0,0,0,0,0,replays/4thRun\72b6c7dcb677476d8b0b3b24c8551088.SC2Replay
495,495,495,ShoWTimE,43,27806,2200,10,748,0,0,replays/4thRun\72c4bbd752dd4123a04e2834b3231d5c.SC2Replay
496,496,496,Neeb,42,18514,2550,11,710,0,1,replays/4thRun\72c4bbd752dd4123a04e2834b3231d5c.SC2Replay
497,497,497,Harstem,46,8908,1200,9,418,0,1,replays/4thRun\72e736e0e02d42e4937fa5e9b3a93e56.SC2Replay
498,498,498,JonSnow,29,8946,2375,56,422,0,0,replays/4thRun\72e736e0e02d42e4937fa5e9b3a93e56.SC2Replay
499,499,499,iAsonu,39,20373,6125,66,719,0,1,replays/4thRun\72f71081bfcc4000bc25b636896f7cf2.SC2Replay
500,500,500,Probe,25,15399,875,5,541,0,0,replays/4thRun\72f71081bfcc4000bc25b636896f7cf2.SC2Replay
501,501,501,Gremory,13,2406,850,20,221,0,0,replays/4thRun\733dd78de06d4f17a50b8b7850fe97cc.SC2Replay
502,502,502,RiSky,16,2610,750,16,221,0,1,replays/4thRun\733dd78de06d4f17a50b8b7850fe97cc.SC2Replay
503,503,503,Namshar,73,79563,13675,95,1149,0,1,replays/4thRun\734ea04b326c415daa7f6c31563c7e68.SC2Replay
504,504,504,Indy,67,35518,3775,13,843,0,0,replays/4thRun\734ea04b326c415daa7f6c31563c7e68.SC2Replay
505,505,505,FWHas,25,3643,625,4,251,0,1,replays/4thRun\736edd3b854e4696969a17d45a412d1f.SC2Replay
506,506,506,Expect,25,6360,250,4,298,0,0,replays/4thRun\736edd3b854e4696969a17d45a412d1f.SC2Replay
507,507,507,ZenedoR,22,9047,2050,51,463,0,0,replays/4thRun\739ae3c6e9654277b932e0755e3f00e6.SC2Replay
508,508,508,puCK,44,8934,400,2,415,0,1,replays/4thRun\739ae3c6e9654277b932e0755e3f00e6.SC2Replay
509,509,509,Snute,73,35263,6825,94,719,0,1,replays/4thRun\73a8ce7fe580442ca56a054d75de1dde.SC2Replay
510,510,510,MaSa,60,25530,4400,55,733,0,0,replays/4thRun\73a8ce7fe580442ca56a054d75de1dde.SC2Replay
511,511,511,Serral,81,40964,10675,151,890,0,1,replays/4thRun\73bb0e6aed1140978af5368b31ea8388.SC2Replay
512,512,512,INnoVation,84,38866,6475,71,953,0,0,replays/4thRun\73bb0e6aed1140978af5368b31ea8388.SC2Replay
513,513,513,Elazer,39,5036,1425,19,335,0,1,replays/4thRun\73bb7701d18a4a02a97d15181c755a1e.SC2Replay
514,514,514,DeMusliM,34,7005,750,7,339,0,0,replays/4thRun\73bb7701d18a4a02a97d15181c755a1e.SC2Replay
515,515,515,Elazer,19,5256,1550,40,370,0,0,replays/4thRun\73c29bc9ea8c444fa161e1f54d726845.SC2Replay
516,516,516,Has,29,7100,925,5,370,0,1,replays/4thRun\73c29bc9ea8c444fa161e1f54d726845.SC2Replay
517,517,517,PandaBearMe,19,2655,400,7,201,0,1,replays/4thRun\73d04af7dce043d79424ddf214085744.SC2Replay
518,518,518,Livibee,14,2494,500,14,182,0,0,replays/4thRun\73d04af7dce043d79424ddf214085744.SC2Replay
519,519,519,liquidthermy,66,24202,5325,28,746,0,0,replays/4thRun\73ec1f71f0a24b8f9b002497e4f84f67.SC2Replay
520,520,520,Guru,85,50984,4600,42,754,0,1,replays/4thRun\73ec1f71f0a24b8f9b002497e4f84f67.SC2Replay
521,521,521,Lambo,52,10923,3450,28,485,0,1,replays/4thRun\73fc3e1dac204794b1f0647fc0ef8e67.SC2Replay
522,522,522,Reynor,56,11589,3950,33,486,0,0,replays/4thRun\73fc3e1dac204794b1f0647fc0ef8e67.SC2Replay
523,523,523,MMA,75,62388,9500,52,1010,0,0,replays/4thRun\73ff532102f84ab28f2cac00bd58bc4c.SC2Replay
524,524,524,Stephano,92,51974,11975,89,921,0,1,replays/4thRun\73ff532102f84ab28f2cac00bd58bc4c.SC2Replay
525,525,525,Ghost,36,13508,1775,12,484,0,0,replays/4thRun\740fb1a3678f4e6e91f19c1d79223a3e.SC2Replay
526,526,526,Pokebunny,46,11388,1575,15,479,0,1,replays/4thRun\740fb1a3678f4e6e91f19c1d79223a3e.SC2Replay
527,527,527,Demi,47,10615,3775,55,497,0,0,replays/4thRun\744b8b13cb1948a6847d5d2da8a55098.SC2Replay
528,528,528,puCK,53,15412,1600,7,615,0,1,replays/4thRun\744b8b13cb1948a6847d5d2da8a55098.SC2Replay
529,529,529,LiquidSnute,73,65549,11600,81,974,0,1,replays/4thRun\744dbee879234de18df8f90692b2a5f3.SC2Replay
530,530,530,JJAKJI,71,35549,6825,69,884,0,0,replays/4thRun\744dbee879234de18df8f90692b2a5f3.SC2Replay
531,531,531,Lambo,38,7979,1650,26,382,0,1,replays/4thRun\747e96d211f44a3ebd1b929b47a99723.SC2Replay
532,532,532,LiquidSnute,41,8178,1475,28,432,0,0,replays/4thRun\747e96d211f44a3ebd1b929b47a99723.SC2Replay
533,533,533,AdminC,69,62000,10175,115,1191,0,0,replays/4thRun\748b15a8c0224ddc883a6ff39d30ae22.SC2Replay
534,534,534,MaSa,52,68453,6250,67,1178,0,1,replays/4thRun\748b15a8c0224ddc883a6ff39d30ae22.SC2Replay
535,535,535,LiquidTLO,59,9363,2600,19,537,0,0,replays/4thRun\749c955561674d90bc3a84a2efe1b2c5.SC2Replay
536,536,536,llllllllllll,50,16181,1900,7,525,0,1,replays/4thRun\749c955561674d90bc3a84a2efe1b2c5.SC2Replay
537,537,537,FanTaSy,62,21227,2950,28,799,0,1,replays/4thRun\74a6a2b3078b4e9d8b760b6790397215.SC2Replay
538,538,538,LiquidMaNa,55,30264,725,4,790,0,0,replays/4thRun\74a6a2b3078b4e9d8b760b6790397215.SC2Replay
539,539,539,Gentleprobe,65,38958,3975,16,821,0,1,replays/4thRun\74b5827f1ec348da84f67bac74472417.SC2Replay
540,540,540,iGiA,61,66261,7450,142,795,0,0,replays/4thRun\74b5827f1ec348da84f67bac74472417.SC2Replay
541,541,541,PtitDrogo,61,23720,2125,9,576,0,1,replays/4thRun\750ba87d294d4769ba232eaf3050291d.SC2Replay
542,542,542,Raze,40,20005,2100,27,595,0,0,replays/4thRun\750ba87d294d4769ba232eaf3050291d.SC2Replay
543,543,543,puCK,50,13152,1900,10,536,0,0,replays/4thRun\752c25b5bade469b87eceb00e2c87f25.SC2Replay
544,544,544,uThermal,63,16114,2250,22,650,0,1,replays/4thRun\752c25b5bade469b87eceb00e2c87f25.SC2Replay
545,545,545,Dolan,15,1335,250,5,186,0,0,replays/4thRun\755aedd1f8164139b925613f623738ba.SC2Replay
546,546,546,Zanster,20,2481,500,6,185,0,1,replays/4thRun\755aedd1f8164139b925613f623738ba.SC2Replay
547,547,547,Namshar,78,22409,4725,34,641,0,0,replays/4thRun\755ca12ea25840ed8469bacb6dfb3483.SC2Replay
548,548,548,Harstem,66,17160,1300,6,570,0,1,replays/4thRun\755ca12ea25840ed8469bacb6dfb3483.SC2Replay
549,549,549,FeaR,52,14385,2000,8,523,0,0,replays/4thRun\757e4c0332fc464a9260d65cb27920ec.SC2Replay
550,550,550,soO,61,13904,3325,45,534,0,1,replays/4thRun\757e4c0332fc464a9260d65cb27920ec.SC2Replay
551,551,551,InZaNe,48,13907,2550,30,553,0,0,replays/4thRun\758fecb84d114620be85606f6e284748.SC2Replay
552,552,552,lllIIIIllll,55,15506,1300,4,554,0,1,replays/4thRun\758fecb84d114620be85606f6e284748.SC2Replay
553,553,553,MMA,71,43403,6025,37,787,0,1,replays/4thRun\759b4de226ef426bb9e6d1d72293fd1c.SC2Replay
554,554,554,Stephano,73,38439,10025,154,780,0,0,replays/4thRun\759b4de226ef426bb9e6d1d72293fd1c.SC2Replay
555,555,555,Polt,33,20625,2275,28,562,0,0,replays/4thRun\759bd4fa8280408abbb0393b3fd52e0b.SC2Replay
556,556,556,Soulkey,61,13244,3225,50,563,0,1,replays/4thRun\759bd4fa8280408abbb0393b3fd52e0b.SC2Replay
557,557,557,PtitDrogo,47,9996,1600,8,454,0,0,replays/4thRun\75b27ce9968d4b1e82c391054cde5080.SC2Replay
558,558,558,Probe,48,13764,1750,9,497,0,1,replays/4thRun\75b27ce9968d4b1e82c391054cde5080.SC2Replay
559,559,559,Reynor,47,15387,3550,29,494,0,1,replays/4thRun\75bab3a7f99d454cadd3cb5cf673b3d1.SC2Replay
560,560,560,Ryu,54,9431,3300,32,493,0,0,replays/4thRun\75bab3a7f99d454cadd3cb5cf673b3d1.SC2Replay
561,561,561,Dark,14,1809,500,14,176,0,1,replays/4thRun\75c48fbf557a4b08bbc3357c7335546d.SC2Replay
562,562,562,Serral,19,2891,450,9,198,0,0,replays/4thRun\75c48fbf557a4b08bbc3357c7335546d.SC2Replay
563,563,563,sOs,24,7846,1050,6,299,0,1,replays/4thRun\75d6f09d96a84abebd466307f65aeeb4.SC2Replay
564,564,564,DnS,23,12716,1000,4,563,0,0,replays/4thRun\75d6f09d96a84abebd466307f65aeeb4.SC2Replay
565,565,565,Lilbow,43,8982,575,4,402,0,0,replays/4thRun\75e3bfd3d5c24e9aacb6c710587a63cc.SC2Replay
566,566,566,SortOf,42,5825,2575,23,396,0,1,replays/4thRun\75e3bfd3d5c24e9aacb6c710587a63cc.SC2Replay
567,567,567,Kelazhur,38,18032,1225,13,532,0,0,replays/4thRun\75ef8030d40844bd9d6b8d298eab7089.SC2Replay
568,568,568,RAIL,46,17125,200,1,522,0,1,replays/4thRun\75ef8030d40844bd9d6b8d298eab7089.SC2Replay
569,569,569,liquidthermy,69,25764,3900,27,707,0,0,replays/4thRun\75f2ab17ce4c4336ba18c5a2cb03ea0a.SC2Replay
570,570,570,RlSky,93,46857,6250,74,868,0,1,replays/4thRun\75f2ab17ce4c4336ba18c5a2cb03ea0a.SC2Replay
571,571,571,DnS,73,49984,3375,14,1015,0,1,replays/4thRun\75f3e2bd7ede45bf8fe992521c55f88b.SC2Replay
572,572,572,puCK,75,63276,3575,14,1046,0,0,replays/4thRun\75f3e2bd7ede45bf8fe992521c55f88b.SC2Replay
573,573,573,lllIIIIllll,36,7725,850,4,385,0,0,replays/4thRun\766b5f0f9a0241e3ac5f7307eea5bc56.SC2Replay
574,574,574,Clem,38,9217,1150,10,406,0,1,replays/4thRun\766b5f0f9a0241e3ac5f7307eea5bc56.SC2Replay
575,575,575,Neeb,50,13151,800,4,515,0,1,replays/4thRun\766c16629be9493cab0b5b106f101011.SC2Replay
576,576,576,Reynor,50,7363,2425,43,504,0,0,replays/4thRun\766c16629be9493cab0b5b106f101011.SC2Replay
577,577,577,Nerchio,66,17316,6450,52,673,0,0,replays/4thRun\76b8da0592804040bc545b0f86fb0198.SC2Replay
578,578,578,Polt,60,28147,4175,47,695,0,1,replays/4thRun\76b8da0592804040bc545b0f86fb0198.SC2Replay
579,579,579,Optimus,41,10834,1200,11,446,0,0,replays/4thRun\76bdbc7297a34546aaec9cd42eff6562.SC2Replay
580,580,580,Solar,53,9176,2175,31,461,0,1,replays/4thRun\76bdbc7297a34546aaec9cd42eff6562.SC2Replay
581,581,581,Kelazhur,30,8058,1075,5,358,0,1,replays/4thRun\76c0fdd4287c48dfad9a04c95d83cba7.SC2Replay
582,582,582,Bistork,20,8620,550,4,310,0,0,replays/4thRun\76c0fdd4287c48dfad9a04c95d83cba7.SC2Replay
583,583,583,puCK,40,9687,1125,7,418,0,0,replays/4thRun\76fa2c1ad5ac4eee8908d93deeb915ff.SC2Replay
584,584,584,uThermal,41,7768,1150,14,441,0,1,replays/4thRun\76fa2c1ad5ac4eee8908d93deeb915ff.SC2Replay
585,585,585,PtitDrogo,71,44853,3500,11,897,0,1,replays/4thRun\773dd4b9cb5c4c94859f914929796d7d.SC2Replay
586,586,586,DeMusliM,56,35209,6200,67,919,0,0,replays/4thRun\773dd4b9cb5c4c94859f914929796d7d.SC2Replay
587,587,587,PiLiPiLi,46,13591,1100,6,441,0,1,replays/4thRun\776ff71586e84b6eb4cd2065c872d116.SC2Replay
588,588,588,PandaBearMe,51,11833,2150,35,464,0,0,replays/4thRun\776ff71586e84b6eb4cd2065c872d116.SC2Replay
589,589,589,Erik,35,18183,4100,38,706,0,0,replays/4thRun\77a0521457054476bc2829a3b31d8d22.SC2Replay
590,590,590,Cham,49,17398,4700,45,718,0,1,replays/4thRun\77a0521457054476bc2829a3b31d8d22.SC2Replay
591,591,591,PiG,73,20478,3150,49,596,0,1,replays/4thRun\77a9efb07ae84042a72aa985d2393a3b.SC2Replay
592,592,592,iaguz,65,19803,2250,30,598,0,0,replays/4thRun\77a9efb07ae84042a72aa985d2393a3b.SC2Replay
593,593,593,SortOf,51,6215,1500,20,414,0,0,replays/4thRun\77e1d2696fab40e3b2bf33c8c250db7e.SC2Replay
594,594,594,RlSky,47,8059,1375,20,405,0,1,replays/4thRun\77e1d2696fab40e3b2bf33c8c250db7e.SC2Replay
595,595,595,Namshar,73,34530,7275,60,778,0,1,replays/4thRun\77e8cc7f74e44636b6971d9d08609ec6.SC2Replay
596,596,596,HeroMarine,70,34405,5225,53,803,0,0,replays/4thRun\77e8cc7f74e44636b6971d9d08609ec6.SC2Replay
597,597,597,Sugar,53,28332,2025,18,700,0,0,replays/4thRun\77f37685c52549c0a8df28e7d2b38987.SC2Replay
598,598,598,Clem,59,22746,3025,26,700,0,1,replays/4thRun\77f37685c52549c0a8df28e7d2b38987.SC2Replay
599,599,599,Zest,69,25292,1975,8,640,0,1,replays/4thRun\77fb2a3b6c54435c8174eac29391a986.SC2Replay
600,600,600,Clem,54,15185,3500,38,648,0,0,replays/4thRun\77fb2a3b6c54435c8174eac29391a986.SC2Replay
601,601,601,DnS,57,12544,1450,6,511,0,0,replays/4thRun\784af94fb369496b94e19d21a9fece84.SC2Replay
602,602,602,Seither,48,13204,2150,28,518,0,1,replays/4thRun\784af94fb369496b94e19d21a9fece84.SC2Replay
603,603,603,Lambo,14,3255,500,14,165,0,1,replays/4thRun\784e24967e2241eba54994bebc891c85.SC2Replay
604,604,604,GOStephano,21,1944,200,2,153,0,0,replays/4thRun\784e24967e2241eba54994bebc891c85.SC2Replay
605,605,605,uThermal,70,38105,8000,82,932,0,1,replays/4thRun\785e3702358f4d8585c30634a40afcf7.SC2Replay
606,606,606,Snute,68,51538,11075,96,930,0,0,replays/4thRun\785e3702358f4d8585c30634a40afcf7.SC2Replay
607,607,607,PengWin,21,4622,1150,22,274,0,1,replays/4thRun\78ba8d3914c4413cb2aa277679896ea6.SC2Replay
608,608,608,xKawaiian,23,4836,300,3,267,0,0,replays/4thRun\78ba8d3914c4413cb2aa277679896ea6.SC2Replay
609,609,609,HeroMarine,69,35297,7350,87,837,0,0,replays/4thRun\78bab67b5583471ea4b922ed9971e870.SC2Replay
610,610,610,Namshar,80,47565,10100,188,831,0,1,replays/4thRun\78bab67b5583471ea4b922ed9971e870.SC2Replay
611,611,611,Serphim,45,19855,875,6,567,0,0,replays/4thRun\78fc1cdc7e79427fbba6df6514af64c4.SC2Replay
612,612,612,Allaryce,65,24374,5725,45,702,0,1,replays/4thRun\78fc1cdc7e79427fbba6df6514af64c4.SC2Replay
613,613,613,PiG,69,17151,3025,43,550,0,1,replays/4thRun\79b1e1ef303240b588dcbbe075d81fad.SC2Replay
614,614,614,iaguz,67,17197,1525,22,561,0,0,replays/4thRun\79b1e1ef303240b588dcbbe075d81fad.SC2Replay
615,615,615,HuK,27,7250,1250,7,333,0,1,replays/4thRun\79bde9d8bffd4d8aafab8b0af81dafee.SC2Replay
616,616,616,LiquidMaNa,23,4284,700,4,277,0,0,replays/4thRun\79bde9d8bffd4d8aafab8b0af81dafee.SC2Replay
617,617,617,PtitDrogo,71,32177,2700,9,774,0,0,replays/4thRun\79edcab305764131926dc5c8d1d8e3f2.SC2Replay
618,618,618,soO,81,77845,11350,101,951,0,1,replays/4thRun\79edcab305764131926dc5c8d1d8e3f2.SC2Replay
619,619,619,FanTaSy,42,17454,3050,29,604,0,1,replays/4thRun\79ff0cc3e9894aa4ba468c2cbb01cd6b.SC2Replay
620,620,620,Geralt,51,17572,450,3,602,0,0,replays/4thRun\79ff0cc3e9894aa4ba468c2cbb01cd6b.SC2Replay
621,621,621,jheffe,48,16222,750,7,550,0,0,replays/4thRun\79ff8f78e1b145cbaa13f8730614b10d.SC2Replay
622,622,622,Silky,65,13934,2950,23,549,0,1,replays/4thRun\79ff8f78e1b145cbaa13f8730614b10d.SC2Replay
623,623,623,TRUE,76,22147,6875,58,760,0,1,replays/4thRun\80b3460c9fe04e048895ef829ca11a1c.SC2Replay
624,624,624,Cham,62,21660,7025,58,761,0,0,replays/4thRun\80b3460c9fe04e048895ef829ca11a1c.SC2Replay
625,625,625,SortOf,45,10923,3325,33,466,0,1,replays/4thRun\80b9e881b1054558bca5b69bfeff5684.SC2Replay
626,626,626,Cuddlebear,45,11251,2050,28,474,0,0,replays/4thRun\80b9e881b1054558bca5b69bfeff5684.SC2Replay
627,627,627,Namshar,44,9542,2000,36,470,0,1,replays/4thRun\80d1a2b5eae84173b5bf05b88962f085.SC2Replay
628,628,628,HateMe,35,12389,2425,50,490,0,0,replays/4thRun\80d1a2b5eae84173b5bf05b88962f085.SC2Replay
629,629,629,JonSnow,81,26162,6175,78,717,0,1,replays/4thRun\80d7894d30c843f9b57e5d106c5ba7f9.SC2Replay
630,630,630,HuT,67,20035,4375,45,728,0,0,replays/4thRun\80d7894d30c843f9b57e5d106c5ba7f9.SC2Replay
631,631,631,Serral,70,18370,5125,45,620,0,1,replays/4thRun\80da0646592d4197a88dbe804a3627d7.SC2Replay
632,632,632,Lambo,45,10387,3225,63,462,0,0,replays/4thRun\80da0646592d4197a88dbe804a3627d7.SC2Replay
633,633,633,Neeblet,66,28563,5100,17,893,0,0,replays/4thRun\81aa5b4b58e740e18f303bfeb5411963.SC2Replay
634,634,634,Guru,75,38660,6650,51,899,0,1,replays/4thRun\81aa5b4b58e740e18f303bfeb5411963.SC2Replay
635,635,635,CatZ,56,12899,2950,44,543,0,0,replays/4thRun\81c2591cab954d8886369f746d0e59cc.SC2Replay
636,636,636,NonY,59,22540,950,4,524,0,1,replays/4thRun\81c2591cab954d8886369f746d0e59cc.SC2Replay
637,637,637,Lighting,22,3689,200,2,211,0,0,replays/4thRun\81d03acb96f140a19dd557b1b38734fc.SC2Replay
638,638,638,Stephano,20,3656,350,8,211,0,1,replays/4thRun\81d03acb96f140a19dd557b1b38734fc.SC2Replay
639,639,639,Neeb,68,26251,4925,19,732,0,0,replays/4thRun\81d6c3227c814bf6a718bc93bbc07208.SC2Replay
640,640,640,Hydra,81,48063,10175,64,769,0,1,replays/4thRun\81d6c3227c814bf6a718bc93bbc07208.SC2Replay
641,641,641,DnS,45,13945,450,3,601,0,1,replays/4thRun\81e9be87a18f48c6b2708717d91005b0.SC2Replay
642,642,642,iGMacSed,47,20084,1850,8,590,0,0,replays/4thRun\81e9be87a18f48c6b2708717d91005b0.SC2Replay
643,643,643,HeRoMaRinE,47,13229,3100,36,578,0,1,replays/4thRun\82ab897bcd2f440789f733c3f268623d.SC2Replay
644,644,644,herO,45,9332,1025,6,454,0,0,replays/4thRun\82ab897bcd2f440789f733c3f268623d.SC2Replay
645,645,645,Lambo,28,5973,2775,24,366,0,0,replays/4thRun\82ae94fbe15f44cabfc4b8169c639201.SC2Replay
646,646,646,PtitDrogo,38,8275,1175,6,397,0,1,replays/4thRun\82ae94fbe15f44cabfc4b8169c639201.SC2Replay
647,647,647,HeroMarine,71,20813,2850,11,655,0,1,replays/4thRun\82dbc31998a944eb93e24f7189c100e8.SC2Replay
648,648,648,GOStephano,61,18845,3325,53,588,0,0,replays/4thRun\82dbc31998a944eb93e24f7189c100e8.SC2Replay
649,649,649,Semper,22,4609,500,2,248,0,0,replays/4thRun\82de6ad0574f4ab6aa242e9552d1552d.SC2Replay
650,650,650,HeroMarine,24,4316,600,5,268,0,1,replays/4thRun\82de6ad0574f4ab6aa242e9552d1552d.SC2Replay
651,651,651,Sugar,24,5601,350,2,283,0,0,replays/4thRun\82e5195c233543b98258ccca5884b499.SC2Replay
652,652,652,Clem,27,3999,600,7,306,0,1,replays/4thRun\82e5195c233543b98258ccca5884b499.SC2Replay
653,653,653,Kelazhur,21,1767,200,2,208,0,1,replays/4thRun\82f37e7987064303b5080db89a7c6912.SC2Replay
654,654,654,ByRada,20,2649,350,5,196,0,0,replays/4thRun\82f37e7987064303b5080db89a7c6912.SC2Replay
655,655,655,Light,34,7074,775,7,355,0,1,replays/4thRun\83a6025ef1c048c096e8fa665814abcf.SC2Replay
656,656,656,JimRising,23,6462,1500,36,352,0,0,replays/4thRun\83a6025ef1c048c096e8fa665814abcf.SC2Replay
657,657,657,iGJim,33,5230,950,5,313,0,0,replays/4thRun\83bd538ca8ee4abead4f9c9d13db7594.SC2Replay
658,658,658,iGXY,24,4677,700,10,304,0,0,replays/4thRun\83bd538ca8ee4abead4f9c9d13db7594.SC2Replay
659,659,659,三族统领随机娜,0,0,0,0,0,0,0,replays/4thRun\83bd538ca8ee4abead4f9c9d13db7594.SC2Replay
660,660,660,iGRushcrazy,0,0,0,0,0,0,0,replays/4thRun\83bd538ca8ee4abead4f9c9d13db7594.SC2Replay
661,661,661,Harstem,67,26584,1200,4,697,0,1,replays/4thRun\84a96bce9234423ebb6fa85a8c03355d.SC2Replay
662,662,662,Namshar,79,18675,6925,69,701,0,0,replays/4thRun\84a96bce9234423ebb6fa85a8c03355d.SC2Replay
663,663,663,Nerchio,69,12477,4300,38,566,0,1,replays/4thRun\84d01702956e430685463be3dce63721.SC2Replay
664,664,664,ShoWTimE,60,12983,1700,7,562,0,0,replays/4thRun\84d01702956e430685463be3dce63721.SC2Replay
665,665,665,TYTY,60,15878,2875,37,615,0,0,replays/4thRun\84d893b2b3294c4bb22dd59baeb5289a.SC2Replay
666,666,666,OGZest,55,21501,800,4,594,0,1,replays/4thRun\84d893b2b3294c4bb22dd59baeb5289a.SC2Replay
667,667,667,PtitDrogo,40,9582,1050,5,419,0,1,replays/4thRun\84de0c7275954f63b639682583e648f3.SC2Replay
668,668,668,McMonroe,34,6646,925,18,420,0,0,replays/4thRun\84de0c7275954f63b639682583e648f3.SC2Replay
669,669,669,Stats,61,25625,775,4,610,0,1,replays/4thRun\85ad56f0e29641ad8083cbf60640cd63.SC2Replay
670,670,670,aLive,37,15590,2650,28,624,0,0,replays/4thRun\85ad56f0e29641ad8083cbf60640cd63.SC2Replay
671,671,671,Lambo,56,14034,5100,65,548,0,1,replays/4thRun\85c7af4dfee747e8a410a7bde87eee3a.SC2Replay
672,672,672,llllllllllll,44,9908,1800,8,459,0,0,replays/4thRun\85c7af4dfee747e8a410a7bde87eee3a.SC2Replay
673,673,673,GOStephano,51,18274,6050,49,597,0,0,replays/4thRun\85cf7eab1c804b84b61fc217bd884e7b.SC2Replay
674,674,674,OGZest,55,17936,1775,7,562,0,1,replays/4thRun\85cf7eab1c804b84b61fc217bd884e7b.SC2Replay
675,675,675,lllIIIIllll,43,8232,1350,6,390,0,0,replays/4thRun\85f4e541470a4b3bab72161cfaf34abf.SC2Replay
676,676,676,TSGSolar,43,7877,1650,24,400,0,1,replays/4thRun\85f4e541470a4b3bab72161cfaf34abf.SC2Replay
677,677,677,Ryung,68,28203,2300,14,656,0,0,replays/4thRun\86a5f2c387fe4ed2a025e039d13097dd.SC2Replay
678,678,678,Snute,73,32231,2850,31,650,0,1,replays/4thRun\86a5f2c387fe4ed2a025e039d13097dd.SC2Replay
679,679,679,BackupC,65,26516,4325,24,762,0,1,replays/4thRun\86b0ec9cbbb44482967750e5b038a180.SC2Replay
680,680,680,Mackintac,41,27799,5750,54,768,0,0,replays/4thRun\86b0ec9cbbb44482967750e5b038a180.SC2Replay
681,681,681,Elazer,42,7569,2550,23,401,0,1,replays/4thRun\86b35eec6a68479392dcac8e4cfff43d.SC2Replay
682,682,682,Sioras,29,11925,2800,40,404,0,0,replays/4thRun\86b35eec6a68479392dcac8e4cfff43d.SC2Replay
683,683,683,DnS,42,7431,875,4,373,0,1,replays/4thRun\86b62ba6bfb14606994eb73fe3ae0280.SC2Replay
684,684,684,ZenedoR,24,6880,1775,38,359,0,0,replays/4thRun\86b62ba6bfb14606994eb73fe3ae0280.SC2Replay
685,685,685,Elazer,37,5847,1925,34,355,0,0,replays/4thRun\86c1035a2cd64de2a609a437a3f7402a.SC2Replay
686,686,686,Scarlett,34,6024,1900,30,367,0,1,replays/4thRun\86c1035a2cd64de2a609a437a3f7402a.SC2Replay
687,687,687,PartinG,22,5265,1150,7,417,0,0,replays/4thRun\86cf41e51c3e4e41a8cd618f3e4c6c20.SC2Replay
688,688,688,GOStephano,34,13779,1325,23,462,0,1,replays/4thRun\86cf41e51c3e4e41a8cd618f3e4c6c20.SC2Replay
689,689,689,aLive,47,25255,4275,53,669,0,1,replays/4thRun\86e5d2974c334a8e97fadcde221f1c3b.SC2Replay
690,690,690,Harstem,63,16422,2025,10,676,0,0,replays/4thRun\86e5d2974c334a8e97fadcde221f1c3b.SC2Replay
691,691,691,MaSa,69,29633,3875,47,741,0,1,replays/4thRun\87a5b1a42a3041f88fc6a87d936d448f.SC2Replay
692,692,692,ViBE,67,35343,3600,33,746,0,0,replays/4thRun\87a5b1a42a3041f88fc6a87d936d448f.SC2Replay
693,693,693,iAsonu,64,10581,2300,25,578,0,0,replays/4thRun\87b9d27bc1cb41afb8bddd00b0a524aa.SC2Replay
694,694,694,Elazer,61,16087,3000,26,574,0,1,replays/4thRun\87b9d27bc1cb41afb8bddd00b0a524aa.SC2Replay
695,695,695,Harstem,69,29900,1525,6,621,0,1,replays/4thRun\87c37e825ac844b491b4c19882f46db7.SC2Replay
696,696,696,RiSky,84,14138,4300,47,625,0,0,replays/4thRun\87c37e825ac844b491b4c19882f46db7.SC2Replay
697,697,697,Mana,42,8501,675,4,388,0,1,replays/4thRun\87c47cbc60a941679896f2c6fae37c5f.SC2Replay
698,698,698,Jason,37,10487,1025,12,389,0,0,replays/4thRun\87c47cbc60a941679896f2c6fae37c5f.SC2Replay
699,699,699,FireCake,47,16272,2600,24,548,0,0,replays/4thRun\87d5a7676cc44fbf86b6d329bd0f2969.SC2Replay
700,700,700,Polt,46,15484,1475,19,552,0,1,replays/4thRun\87d5a7676cc44fbf86b6d329bd0f2969.SC2Replay
701,701,701,Snute,29,4612,1275,24,294,0,0,replays/4thRun\87e734c8b9924840a4907423ff029858.SC2Replay
702,702,702,ByuN,28,4894,350,6,285,0,1,replays/4thRun\87e734c8b9924840a4907423ff029858.SC2Replay
703,703,703,LiquidSnute,74,24635,4075,65,666,0,1,replays/4thRun\87f056cad96541b28330b51dfba81ab0.SC2Replay
704,704,704,Geralt,58,32605,1550,6,698,0,0,replays/4thRun\87f056cad96541b28330b51dfba81ab0.SC2Replay
705,705,705,Optimus,57,20050,2550,31,710,0,1,replays/4thRun\87f40ddc1a3d43619c787726788cece7.SC2Replay
706,706,706,YoGo,53,9732,2575,56,556,0,0,replays/4thRun\87f40ddc1a3d43619c787726788cece7.SC2Replay
707,707,707,Rose,24,4950,1600,35,314,0,0,replays/4thRun\88a219db47d343e2831296a09a180446.SC2Replay
708,708,708,Rex,25,6395,1275,24,377,0,1,replays/4thRun\88a219db47d343e2831296a09a180446.SC2Replay
709,709,709,doudou,54,69071,6575,62,1136,0,0,replays/4thRun\88bf858eb98b4d4eb36d887fe5cc0183.SC2Replay
710,710,710,开局要打鸡儿盒饭,65,28963,2950,13,736,0,0,replays/4thRun\88bf858eb98b4d4eb36d887fe5cc0183.SC2Replay
711,711,711,Psmoonsun,0,0,0,0,0,0,1,replays/4thRun\88bf858eb98b4d4eb36d887fe5cc0183.SC2Replay
712,712,712,PsRush,0,0,0,0,0,0,1,replays/4thRun\88bf858eb98b4d4eb36d887fe5cc0183.SC2Replay
713,713,713,Elazer,66,11064,2800,29,480,0,1,replays/4thRun\88e06204bb0b4c37adc5300086d07298.SC2Replay
714,714,714,FeaR,37,9313,575,3,398,0,0,replays/4thRun\88e06204bb0b4c37adc5300086d07298.SC2Replay
715,715,715,Neeb,67,27698,3225,13,714,0,1,replays/4thRun\88fa2de6746548c2b91a9b1c659ad93d.SC2Replay
716,716,716,Nerchio,72,40924,8650,51,791,0,0,replays/4thRun\88fa2de6746548c2b91a9b1c659ad93d.SC2Replay
717,717,717,aLive,48,16158,2975,34,585,0,1,replays/4thRun\88fda16ffa904e4cab1844d5b6c3b239.SC2Replay
718,718,718,Neeb,52,13470,1025,7,570,0,0,replays/4thRun\88fda16ffa904e4cab1844d5b6c3b239.SC2Replay
719,719,719,hinO,13,3366,1300,30,255,0,0,replays/4thRun\89c0f4db98954bee937895f824ccdeee.SC2Replay
720,720,720,losira,19,4518,1000,18,268,0,1,replays/4thRun\89c0f4db98954bee937895f824ccdeee.SC2Replay
721,721,721,SpeCial,49,11562,1550,18,472,0,1,replays/4thRun\89c1141f74a94a78af8f0173ec244951.SC2Replay
722,722,722,MeomaikA,49,11885,3200,24,482,0,0,replays/4thRun\89c1141f74a94a78af8f0173ec244951.SC2Replay
723,723,723,MaSa,61,21983,5150,49,843,0,0,replays/4thRun\89d8192f6c274e7fbf1e611be5c572ea.SC2Replay
724,724,724,uThermal,46,19487,5475,69,837,0,1,replays/4thRun\89d8192f6c274e7fbf1e611be5c572ea.SC2Replay
725,725,725,Rose,73,27623,6400,50,790,0,0,replays/4thRun\89de5f729bbb4968bdad366533f16cfc.SC2Replay
726,726,726,FWHas,67,42021,1900,7,751,0,1,replays/4thRun\89de5f729bbb4968bdad366533f16cfc.SC2Replay
727,727,727,PiLiPiLi,44,18395,1375,6,539,0,0,replays/4thRun\89e7c322eeeb4ccfa94ee280b9418e45.SC2Replay
728,728,728,Serral,51,13619,5675,62,563,0,1,replays/4thRun\89e7c322eeeb4ccfa94ee280b9418e45.SC2Replay
729,729,729,Harstem,42,7052,675,4,359,0,1,replays/4thRun\90ae11d84b17487995612123dcd8cb64.SC2Replay
730,730,730,Allaryce,19,8476,1125,18,376,0,0,replays/4thRun\90ae11d84b17487995612123dcd8cb64.SC2Replay
731,731,731,Arctur,55,14584,1450,23,598,0,0,replays/4thRun\90b30915ef8d41aabb8ab310185c13ed.SC2Replay
732,732,732,losira,70,14730,3750,53,613,0,1,replays/4thRun\90b30915ef8d41aabb8ab310185c13ed.SC2Replay
733,733,733,BackupC,25,8007,1225,15,353,0,0,replays/4thRun\90e3075623d24480a3820487db8d7a44.SC2Replay
734,734,734,Harstem,34,6028,875,6,344,0,1,replays/4thRun\90e3075623d24480a3820487db8d7a44.SC2Replay
735,735,735,Nice,66,23454,3000,11,706,0,1,replays/4thRun\90fc6b43018c4abbaf53e34d465ec9cc.SC2Replay
736,736,736,GoGojOey,78,35926,5500,49,705,0,0,replays/4thRun\90fc6b43018c4abbaf53e34d465ec9cc.SC2Replay
737,737,737,StriKE,36,14272,1650,21,485,0,0,replays/4thRun\90fdcfdd155b410c89d16d9cc2be7152.SC2Replay
738,738,738,MaNa,47,11967,1325,6,489,0,1,replays/4thRun\90fdcfdd155b410c89d16d9cc2be7152.SC2Replay
739,739,739,Elazer,40,7188,1450,12,430,0,1,replays/4thRun\91ba46833a8e42a89a96e5e94b27b7f9.SC2Replay
740,740,740,Stephano,40,9830,1300,19,428,0,0,replays/4thRun\91ba46833a8e42a89a96e5e94b27b7f9.SC2Replay
741,741,741,LiquidSnute,66,17785,5900,62,615,0,0,replays/4thRun\91bdaa127ca84c848fc5daed06ed0aae.SC2Replay
742,742,742,Solar,65,15806,5575,55,625,0,1,replays/4thRun\91bdaa127ca84c848fc5daed06ed0aae.SC2Replay
743,743,743,LiquidMaNa,67,19273,1425,7,600,0,1,replays/4thRun\91bfc18ebfd54ef3b701ab60ea467c1f.SC2Replay
744,744,744,Lambo,59,24899,4300,36,607,0,0,replays/4thRun\91bfc18ebfd54ef3b701ab60ea467c1f.SC2Replay
745,745,745,losira,77,32913,8700,127,893,0,1,replays/4thRun\91c62d3a900d459f9ebd66d5e5497f27.SC2Replay
746,746,746,jjakji,61,45808,5125,64,892,0,0,replays/4thRun\91c62d3a900d459f9ebd66d5e5497f27.SC2Replay
747,747,747,Lambo,55,7548,1800,23,438,0,1,replays/4thRun\91d1470afdbc49cba7bc93aef04d14f7.SC2Replay
748,748,748,Zest,45,9539,1000,5,421,0,0,replays/4thRun\91d1470afdbc49cba7bc93aef04d14f7.SC2Replay
749,749,749,Bails,74,23564,2800,9,735,0,0,replays/4thRun\91d480178cb84f91ba309d809a2ed371.SC2Replay
750,750,750,BLY,77,23986,5600,81,666,0,1,replays/4thRun\91d480178cb84f91ba309d809a2ed371.SC2Replay
751,751,751,Serral,62,27592,8800,109,799,0,1,replays/4thRun\91d591a3d6bc4e58889b387875d4805d.SC2Replay
752,752,752,Dark,69,27441,6550,63,772,0,0,replays/4thRun\91d591a3d6bc4e58889b387875d4805d.SC2Replay
753,753,753,SpeCial,63,34328,7700,81,908,0,1,replays/4thRun\91ed066927ec4b198a4d00406c933571.SC2Replay
754,754,754,iAsonu,69,40061,9375,119,897,0,0,replays/4thRun\91ed066927ec4b198a4d00406c933571.SC2Replay
755,755,755,NonY,30,6168,1000,5,343,0,1,replays/4thRun\92af88a43d074341b79abac96812e1c8.SC2Replay
756,756,756,xKawaiian,27,8104,1125,13,359,0,0,replays/4thRun\92af88a43d074341b79abac96812e1c8.SC2Replay
757,757,757,PtitDrogo,69,23689,1150,6,631,0,1,replays/4thRun\92c2d2ee67884448aa9d3bb495da058a.SC2Replay
758,758,758,MarineLorD,63,19783,2525,31,639,0,0,replays/4thRun\92c2d2ee67884448aa9d3bb495da058a.SC2Replay
759,759,759,Harstem,55,21979,2075,7,723,0,0,replays/4thRun\92c40c4ff9bb4b19893d730515603c82.SC2Replay
760,760,760,MaSa,44,14496,5325,71,724,0,1,replays/4thRun\92c40c4ff9bb4b19893d730515603c82.SC2Replay
761,761,761,eGGz,20,2382,200,2,171,0,0,replays/4thRun\92d3c5306766485fa92aca362773cde5.SC2Replay
762,762,762,Stephano,13,2539,500,14,180,0,1,replays/4thRun\92d3c5306766485fa92aca362773cde5.SC2Replay
763,763,763,Namshar,25,3662,700,9,248,0,1,replays/4thRun\92e8675f741145679d849061f3027999.SC2Replay
764,764,764,Serphim,22,3867,325,2,216,0,0,replays/4thRun\92e8675f741145679d849061f3027999.SC2Replay
765,765,765,Bunny,53,15602,1925,23,556,0,1,replays/4thRun\93a61d1ba2674f8caa04c91bc13b1c34.SC2Replay
766,766,766,eonblu,59,11925,2375,38,560,0,0,replays/4thRun\93a61d1ba2674f8caa04c91bc13b1c34.SC2Replay
767,767,767,Zanster,57,6350,3350,27,452,0,1,replays/4thRun\93b401766abd4db4961b757fb93bdbe0.SC2Replay
768,768,768,Sevnin,47,11633,650,4,452,0,0,replays/4thRun\93b401766abd4db4961b757fb93bdbe0.SC2Replay
769,769,769,Serral,21,3635,825,14,258,0,0,replays/4thRun\93cd2715d6394ca29d5f87b185db148a.SC2Replay
770,770,770,liquidthermy,17,2512,300,3,212,0,1,replays/4thRun\93cd2715d6394ca29d5f87b185db148a.SC2Replay
771,771,771,Lambo,12,85,100,1,15,0,0,replays/4thRun\93d640264b3c4c2586f37f790062f94d.SC2Replay
772,772,772,A.I. 1 (Very Easy),13,80,0,0,18,0,1,replays/4thRun\93d640264b3c4c2586f37f790062f94d.SC2Replay
773,773,773,DnS,44,7904,1000,5,438,0,1,replays/4thRun\93f312acd48b44f38193711865046d7d.SC2Replay
774,774,774,SortOf,46,9976,1300,17,438,0,0,replays/4thRun\93f312acd48b44f38193711865046d7d.SC2Replay
775,775,775,MarineLorD,27,4996,250,4,278,0,1,replays/4thRun\93fbba92abf44fc3b7dd43d2f401fb16.SC2Replay
776,776,776,Nerchio,31,3613,850,7,276,0,0,replays/4thRun\93fbba92abf44fc3b7dd43d2f401fb16.SC2Replay
777,777,777,soul,76,36095,5800,63,961,0,0,replays/4thRun\93fe07b0f86e46abb3bd801d69361732.SC2Replay
778,778,778,Zanster,79,65532,7650,129,996,0,1,replays/4thRun\93fe07b0f86e46abb3bd801d69361732.SC2Replay
779,779,779,Nerchio,59,20547,11275,96,864,0,1,replays/4thRun\93fe611c06254c01a3ce85aa31df864e.SC2Replay
780,780,780,BLY,62,33534,10700,85,859,0,0,replays/4thRun\93fe611c06254c01a3ce85aa31df864e.SC2Replay
781,781,781,Dark,19,4263,600,13,262,0,1,replays/4thRun\94a4c62d4bb145de9b35490c08c89454.SC2Replay
782,782,782,ShoWTimE,24,3568,500,4,260,0,0,replays/4thRun\94a4c62d4bb145de9b35490c08c89454.SC2Replay
783,783,783,lIIllllIIlll,70,23196,4375,56,767,0,1,replays/4thRun\94a8d0362ec24147b34393a517f5b70c.SC2Replay
784,784,784,FanTaSy,59,19438,3800,33,658,0,0,replays/4thRun\94a8d0362ec24147b34393a517f5b70c.SC2Replay
785,785,785,Nerchio,63,17119,6125,64,705,0,0,replays/4thRun\94cef2c84cec4490a5e3014b12b584ec.SC2Replay
786,786,786,viOLet,63,21002,6375,71,710,0,1,replays/4thRun\94cef2c84cec4490a5e3014b12b584ec.SC2Replay
787,787,787,Namshar,63,16398,5900,63,606,0,1,replays/4thRun\94e0e6960e0e43f0a254c095991c6bc2.SC2Replay
788,788,788,YoGo,41,13773,4050,52,602,0,0,replays/4thRun\94e0e6960e0e43f0a254c095991c6bc2.SC2Replay
789,789,789,Elazer,80,31314,5100,94,692,0,0,replays/4thRun\94ff55e7ecce4d27a62470c831fc44e3.SC2Replay
790,790,790,HeRoMaRinE,76,26665,3850,56,708,0,1,replays/4thRun\94ff55e7ecce4d27a62470c831fc44e3.SC2Replay
791,791,791,lIIllllIIlll,23,5153,550,6,276,0,1,replays/4thRun\95b7cf5ae74b4a9fb8b7101139679c53.SC2Replay
792,792,792,liquidthermy,23,3212,300,2,227,0,0,replays/4thRun\95b7cf5ae74b4a9fb8b7101139679c53.SC2Replay
793,793,793,TLO,46,4780,1550,21,379,0,1,replays/4thRun\95c2c9721f074844bc7169c8b1cf0693.SC2Replay
794,794,794,Alexander,32,6949,700,13,364,0,0,replays/4thRun\95c2c9721f074844bc7169c8b1cf0693.SC2Replay
795,795,795,SortOf,61,14599,3450,56,603,0,0,replays/4thRun\95d4c5658a95470c9421666989461d4b.SC2Replay
796,796,796,DnS,62,21708,1225,5,603,0,1,replays/4thRun\95d4c5658a95470c9421666989461d4b.SC2Replay
797,797,797,Impact,40,16649,4725,63,569,0,1,replays/4thRun\95dd60cd75284c85ac77f6a470e633ab.SC2Replay
798,798,798,Bunny,58,27923,3825,20,768,0,0,replays/4thRun\95dd60cd75284c85ac77f6a470e633ab.SC2Replay
799,799,799,HeroMarine,66,35773,8650,94,981,0,1,replays/4thRun\95df6a7a8fb64b0a84a47a09ca035f2e.SC2Replay
800,800,800,Dayshi,67,30216,6850,81,979,0,0,replays/4thRun\95df6a7a8fb64b0a84a47a09ca035f2e.SC2Replay
801,801,801,Dayshi,74,55243,6000,58,1069,0,1,replays/4thRun\95fb9b0dc8cb4125a4a3a56fb8f09368.SC2Replay
802,802,802,Nerchio,73,89328,11950,83,1047,0,0,replays/4thRun\95fb9b0dc8cb4125a4a3a56fb8f09368.SC2Replay
803,803,803,Clem,50,13859,2875,16,557,0,1,replays/4thRun\96af17ba03654518b48ca6da2091c785.SC2Replay
804,804,804,InZaNe,48,12439,2300,13,555,0,0,replays/4thRun\96af17ba03654518b48ca6da2091c785.SC2Replay
805,805,805,ZooWhaleTail,61,23130,3000,70,754,0,1,replays/4thRun\96c1f9adba8f4242b8b3a49850cbef33.SC2Replay
806,806,806,Jieshi,59,39568,6175,22,1107,0,0,replays/4thRun\96c1f9adba8f4242b8b3a49850cbef33.SC2Replay
807,807,807,MaNa,52,18263,2175,9,559,0,0,replays/4thRun\96d8423004b341c6bc1cd5580f99c4c3.SC2Replay
808,808,808,uThermal,52,16061,1400,25,571,0,1,replays/4thRun\96d8423004b341c6bc1cd5580f99c4c3.SC2Replay
809,809,809,Neeblet,47,12337,1000,5,450,0,1,replays/4thRun\96e6b42862254e19b1639b5dabed80fa.SC2Replay
810,810,810,SortOf,63,8925,1750,21,466,0,0,replays/4thRun\96e6b42862254e19b1639b5dabed80fa.SC2Replay
811,811,811,MaNa,12,50,0,0,0,0,0,replays/4thRun\96e7a915e82a4bfe8ba15b42d7579ed0.SC2Replay
812,812,812,Has,12,50,0,0,0,0,1,replays/4thRun\96e7a915e82a4bfe8ba15b42d7579ed0.SC2Replay
813,813,813,Serral,63,45705,13050,109,1116,0,1,replays/4thRun\96e9e1796a48439ba5ecc594f280539f.SC2Replay
814,814,814,Elazer,59,89804,11650,86,1223,0,0,replays/4thRun\96e9e1796a48439ba5ecc594f280539f.SC2Replay
815,815,815,INnoVation,71,20868,4475,35,691,0,1,replays/4thRun\97a2e1f1c6c648899828aa54946e457c.SC2Replay
816,816,816,Ryung,67,22928,3850,35,689,0,0,replays/4thRun\97a2e1f1c6c648899828aa54946e457c.SC2Replay
817,817,817,Namshar,67,36206,9100,107,821,0,0,replays/4thRun\97e8d7145a5443ccb9497b17670b7956.SC2Replay
818,818,818,Kelazhur,75,44319,5700,70,805,0,1,replays/4thRun\97e8d7145a5443ccb9497b17670b7956.SC2Replay
819,819,819,SortOf,43,4928,1150,9,340,0,1,replays/4thRun\98a063827b034efaa634e8a137c848a2.SC2Replay
820,820,820,RAIL,34,5112,850,4,337,0,0,replays/4thRun\98a063827b034efaa634e8a137c848a2.SC2Replay
821,821,821,JJAKJI,24,6954,1075,10,364,0,1,replays/4thRun\98a11f40d0d540c785bc980488d9f127.SC2Replay
822,822,822,Zest,23,4960,450,3,255,0,0,replays/4thRun\98a11f40d0d540c785bc980488d9f127.SC2Replay
823,823,823,HellraiseR,38,9298,825,4,401,0,0,replays/4thRun\98a7fd2deaa34ffe85aaaa1846a94666.SC2Replay
824,824,824,soO,46,9015,2475,28,424,0,1,replays/4thRun\98a7fd2deaa34ffe85aaaa1846a94666.SC2Replay
825,825,825,Lambo,60,10756,1975,21,480,0,1,replays/4thRun\98a957ebb0dd482eac43160e2e243b6c.SC2Replay
826,826,826,Zest,40,10817,800,4,454,0,0,replays/4thRun\98a957ebb0dd482eac43160e2e243b6c.SC2Replay
827,827,827,Lambo,14,3275,550,16,195,0,1,replays/4thRun\98bd80af9a9349fc86841bb7dc19d9eb.SC2Replay
828,828,828,soO,18,3320,500,11,207,0,0,replays/4thRun\98bd80af9a9349fc86841bb7dc19d9eb.SC2Replay
829,829,829,MaNa,62,26797,1025,5,684,0,1,replays/4thRun\98ce88bcfa9141bd8ba6d712b6cd1c18.SC2Replay
830,830,830,Expect,48,20408,3825,45,617,0,0,replays/4thRun\98ce88bcfa9141bd8ba6d712b6cd1c18.SC2Replay
831,831,831,Namshar,62,39006,6600,57,760,0,1,replays/4thRun\98d1671482534017a2daf54abc94d388.SC2Replay
832,832,832,Denver,63,20543,6350,52,760,0,0,replays/4thRun\98d1671482534017a2daf54abc94d388.SC2Replay
833,833,833,Lambo,76,19458,6075,80,654,0,1,replays/4thRun\98d308802f524021a5571080b93d870e.SC2Replay
834,834,834,SpeCial,55,20840,3025,40,657,0,0,replays/4thRun\98d308802f524021a5571080b93d870e.SC2Replay
835,835,835,Optimus,54,17867,2125,27,644,0,1,replays/4thRun\98ebe1785cb9407898e9882f516d8e92.SC2Replay
836,836,836,Socke,49,24273,1225,6,639,0,0,replays/4thRun\98ebe1785cb9407898e9882f516d8e92.SC2Replay
837,837,837,Damrud,60,43462,8050,75,799,0,0,replays/4thRun\99b0634e7ba0441b8a1c50ed0715ff35.SC2Replay
838,838,838,Mamba,58,30920,8400,66,781,0,1,replays/4thRun\99b0634e7ba0441b8a1c50ed0715ff35.SC2Replay
839,839,839,ShaDoWn,29,8073,1075,5,345,0,1,replays/4thRun\99bec8996dbe413ca9e532360fa3890c.SC2Replay
840,840,840,Buster,24,5676,400,4,312,0,0,replays/4thRun\99bec8996dbe413ca9e532360fa3890c.SC2Replay
841,841,841,PtitDrogo,43,5924,700,5,361,0,1,replays/4thRun\99c4695fc4a34151ba561ddbf2ed69e3.SC2Replay
842,842,842,Kas,36,7872,1750,19,401,0,0,replays/4thRun\99c4695fc4a34151ba561ddbf2ed69e3.SC2Replay
843,843,843,Patience,29,6490,600,4,261,0,0,replays/4thRun\99d98a0517544d2f85af5023f9f86d32.SC2Replay
844,844,844,LiquidMaNa,25,4774,600,4,251,0,1,replays/4thRun\99d98a0517544d2f85af5023f9f86d32.SC2Replay
845,845,845,PartinG,45,13131,475,3,429,0,1,replays/4thRun\99e638eb9b5d4ee784efcfc08388f609.SC2Replay
846,846,846,Zanster,35,9132,3625,66,458,0,0,replays/4thRun\99e638eb9b5d4ee784efcfc08388f609.SC2Replay
